2025-09-27 21:29:51,758 - [random_oversampling.sgd_classifier] - INFO - DiabetesSGDClassifier initialized with parameters:
2025-09-27 21:29:51,759 - [random_oversampling.sgd_classifier] - INFO -   loss: log_loss
2025-09-27 21:29:51,759 - [random_oversampling.sgd_classifier] - INFO -   penalty: l2
2025-09-27 21:29:51,760 - [random_oversampling.sgd_classifier] - INFO -   alpha: 0.0001
2025-09-27 21:29:51,761 - [random_oversampling.sgd_classifier] - INFO -   learning_rate: constant
2025-09-27 21:29:51,762 - [random_oversampling.sgd_classifier] - INFO -   eta0: 0.01
2025-09-27 21:29:51,763 - [random_oversampling.sgd_classifier] - INFO -   max_iter: 1000
2025-09-27 21:29:51,764 - [random_oversampling.sgd_classifier] - INFO -   random_state: 42
2025-09-27 21:29:51,767 - [random_oversampling.logistic_regression] - INFO - DiabetesLogisticRegression initialized with parameters:
2025-09-27 21:29:51,769 - [random_oversampling.logistic_regression] - INFO -   C: 1.0
2025-09-27 21:29:51,772 - [random_oversampling.logistic_regression] - INFO -   penalty: l2
2025-09-27 21:29:51,773 - [random_oversampling.logistic_regression] - INFO -   class_weight: None
2025-09-27 21:29:51,774 - [random_oversampling.logistic_regression] - INFO -   solver: saga
2025-09-27 21:29:51,775 - [random_oversampling.logistic_regression] - INFO -   max_iter: 10000
2025-09-27 21:29:51,775 - [random_oversampling.logistic_regression] - INFO -   random_state: 42
2025-09-27 21:29:51,777 - [random_oversampling.naive_bayes] - INFO - DiabetesNaiveBayes (Gaussian) initialized with parameters:
2025-09-27 21:29:51,779 - [random_oversampling.naive_bayes] - INFO -   nb_type: gaussian
2025-09-27 21:29:51,780 - [random_oversampling.naive_bayes] - INFO -   var_smoothing: 1e-09
2025-09-27 21:29:51,782 - [random_oversampling.random_forest] - INFO - DiabetesRandomForest initialized with parameters:
2025-09-27 21:29:51,783 - [random_oversampling.random_forest] - INFO -   n_estimators: 100
2025-09-27 21:29:51,784 - [random_oversampling.random_forest] - INFO -   max_depth: 25
2025-09-27 21:29:51,785 - [random_oversampling.random_forest] - INFO -   min_samples_split: 5
2025-09-27 21:29:51,787 - [random_oversampling.random_forest] - INFO -   min_samples_leaf: 5
2025-09-27 21:29:51,788 - [random_oversampling.random_forest] - INFO -   max_features: sqrt
2025-09-27 21:29:51,790 - [random_oversampling.random_forest] - INFO -   class_weight: balanced
2025-09-27 21:29:51,792 - [random_oversampling.random_forest] - INFO -   random_state: 42
2025-09-27 21:29:51,794 - [random_oversampling.xgboost] - INFO - DiabetesXGBoostClassifier initialized with parameters:
2025-09-27 21:29:51,795 - [random_oversampling.xgboost] - INFO -  n_estimators: 100
2025-09-27 21:29:51,796 - [random_oversampling.xgboost] - INFO -  max_depth: 6
2025-09-27 21:29:51,797 - [random_oversampling.xgboost] - INFO -  learning_rate: 0.1
2025-09-27 21:29:51,799 - [random_oversampling.xgboost] - INFO -  subsample: 1.0
2025-09-27 21:29:51,800 - [random_oversampling.xgboost] - INFO -  colsample_bytree: 1.0
2025-09-27 21:29:51,801 - [random_oversampling.xgboost] - INFO -  random_state: 42
2025-09-27 21:29:51,803 - [random_oversampling.lightgbm] - INFO - DiabetesLightGBMClassifier initialized with parameters:
2025-09-27 21:29:51,804 - [random_oversampling.lightgbm] - INFO -  n_estimators: 100
2025-09-27 21:29:51,805 - [random_oversampling.lightgbm] - INFO -  max_depth: -1
2025-09-27 21:29:51,806 - [random_oversampling.lightgbm] - INFO -  learning_rate: 0.1
2025-09-27 21:29:51,808 - [random_oversampling.lightgbm] - INFO -  num_leaves: 31
2025-09-27 21:29:51,810 - [random_oversampling.lightgbm] - INFO -  subsample: 1.0
2025-09-27 21:29:51,811 - [random_oversampling.lightgbm] - INFO -  colsample_bytree: 1.0
2025-09-27 21:29:51,812 - [random_oversampling.lightgbm] - INFO -  random_state: 42
2025-09-27 21:29:51,813 - [random_oversampling.sgd_classifier] - INFO - Starting SGD Classifier model training...
2025-09-27 21:29:53,127 - [random_oversampling.sgd_classifier] - INFO - Model training completed. Training samples: 433416
2025-09-27 21:29:53,128 - [random_oversampling.sgd_classifier] - INFO - Number of iterations: 7
2025-09-27 21:29:53,143 - [random_oversampling.sgd_classifier] - INFO - Predictions made for 89841 samples
2025-09-27 21:29:53,177 - [random_oversampling.sgd_classifier] - INFO - Model Evaluation Results:
2025-09-27 21:29:53,177 - [random_oversampling.sgd_classifier] - INFO - Accuracy: 0.8288
2025-09-27 21:29:53,178 - [random_oversampling.sgd_classifier] - INFO - Precision: 0.5353
2025-09-27 21:29:53,179 - [random_oversampling.sgd_classifier] - INFO - Recall: 0.4627
2025-09-27 21:29:53,180 - [random_oversampling.sgd_classifier] - INFO - F1-Score: 0.4798
2025-09-27 21:29:53,284 - [random_oversampling.sgd_classifier] - INFO - Classification Report:
              precision    recall  f1-score   support

         0.0       0.86      0.95      0.90     70854
         1.0       0.10      0.02      0.03      2397
         2.0       0.65      0.42      0.51     16590

    accuracy                           0.83     89841
   macro avg       0.54      0.46      0.48     89841
weighted avg       0.80      0.83      0.81     89841

2025-09-27 21:29:53,346 - [random_oversampling.sgd_classifier] - INFO - Confusion Matrix:
[[67467   151  3236]
 [ 1785    40   572]
 [ 9437   200  6953]]
2025-09-27 21:29:53,382 - [random_oversampling.sgd_classifier] - INFO - Probabilities predicted for 89841 samples
2025-09-27 21:30:01,668 - [random_oversampling.sgd_classifier] - INFO - Cross-validation results:
2025-09-27 21:30:01,669 - [random_oversampling.sgd_classifier] - INFO - Mean accuracy: 0.7200 (+/- 0.0020)
2025-09-27 21:30:01,671 - [random_oversampling.logistic_regression] - INFO - Starting Logistic Regression model training...
2025-09-27 21:31:15,538 - [random_oversampling.logistic_regression] - INFO - Model training completed. Training samples: 433416
2025-09-27 21:31:15,550 - [random_oversampling.logistic_regression] - INFO - Predictions made for 89841 samples
2025-09-27 21:31:15,580 - [random_oversampling.logistic_regression] - INFO - Model Evaluation Results:
2025-09-27 21:31:15,584 - [random_oversampling.logistic_regression] - INFO - Accuracy: 0.8218
2025-09-27 21:31:15,589 - [random_oversampling.logistic_regression] - INFO - Precision: 0.6041
2025-09-27 21:31:15,590 - [random_oversampling.logistic_regression] - INFO - Recall: 0.4745
2025-09-27 21:31:15,591 - [random_oversampling.logistic_regression] - INFO - F1-Score: 0.4828
2025-09-27 21:31:15,656 - [random_oversampling.logistic_regression] - INFO - Classification Report:
              precision    recall  f1-score   support

         0.0       0.87      0.93      0.90     70854
         1.0       0.36      0.01      0.02      2397
         2.0       0.58      0.48      0.53     16590

    accuracy                           0.82     89841
   macro avg       0.60      0.47      0.48     89841
weighted avg       0.80      0.82      0.80     89841

2025-09-27 21:31:15,737 - [random_oversampling.logistic_regression] - INFO - Confusion Matrix:
[[65803     5  5046]
 [ 1670    31   696]
 [ 8545    49  7996]]
2025-09-27 21:31:15,758 - [random_oversampling.logistic_regression] - INFO - Probabilities predicted for 89841 samples
2025-09-27 21:36:02,042 - [random_oversampling.logistic_regression] - INFO - Cross-validation results:
2025-09-27 21:36:02,044 - [random_oversampling.logistic_regression] - INFO - Mean accuracy: 0.7203 (+/- 0.0019)
2025-09-27 21:36:02,045 - [random_oversampling.naive_bayes] - INFO - Starting Gaussian Naive Bayes model training...
2025-09-27 21:36:02,288 - [random_oversampling.naive_bayes] - INFO - Model training completed. Training samples: 433416
2025-09-27 21:36:02,289 - [random_oversampling.naive_bayes] - INFO - Number of classes: 3
2025-09-27 21:36:02,290 - [random_oversampling.naive_bayes] - INFO - Classes: [0. 1. 2.]
2025-09-27 21:36:02,339 - [random_oversampling.naive_bayes] - INFO - Predictions made for 89841 samples
2025-09-27 21:36:02,376 - [random_oversampling.naive_bayes] - INFO - Model Evaluation Results:
2025-09-27 21:36:02,377 - [random_oversampling.naive_bayes] - INFO - Accuracy: 0.7315
2025-09-27 21:36:02,378 - [random_oversampling.naive_bayes] - INFO - Precision: 0.4679
2025-09-27 21:36:02,379 - [random_oversampling.naive_bayes] - INFO - Recall: 0.5095
2025-09-27 21:36:02,380 - [random_oversampling.naive_bayes] - INFO - F1-Score: 0.4788
2025-09-27 21:36:02,420 - [random_oversampling.naive_bayes] - INFO - Classification Report:
              precision    recall  f1-score   support

         0.0       0.89      0.78      0.83     70854
         1.0       0.07      0.15      0.09      2397
         2.0       0.45      0.59      0.51     16590

    accuracy                           0.73     89841
   macro avg       0.47      0.51      0.48     89841
weighted avg       0.79      0.73      0.75     89841

2025-09-27 21:36:02,463 - [random_oversampling.naive_bayes] - INFO - Confusion Matrix:
[[55511  3985 11358]
 [ 1215   364   818]
 [ 5702  1045  9843]]
2025-09-27 21:36:02,517 - [random_oversampling.naive_bayes] - INFO - Probabilities predicted for 89841 samples
2025-09-27 21:36:03,900 - [random_oversampling.naive_bayes] - INFO - Cross-validation results:
2025-09-27 21:36:03,901 - [random_oversampling.naive_bayes] - INFO - Mean accuracy: 0.6652 (+/- 0.0018)
2025-09-27 21:36:03,901 - [random_oversampling.random_forest] - INFO - Starting Random Forest model training...
2025-09-27 21:36:52,933 - [random_oversampling.random_forest] - INFO - Model training completed. Training samples: 433416
2025-09-27 21:36:52,934 - [random_oversampling.random_forest] - INFO - Number of trees: 100
2025-09-27 21:36:54,689 - [random_oversampling.random_forest] - INFO - Predictions made for 89841 samples
2025-09-27 21:36:54,720 - [random_oversampling.random_forest] - INFO - Model Evaluation Results:
2025-09-27 21:36:54,721 - [random_oversampling.random_forest] - INFO - Accuracy: 0.8318
2025-09-27 21:36:54,721 - [random_oversampling.random_forest] - INFO - Precision: 0.5899
2025-09-27 21:36:54,721 - [random_oversampling.random_forest] - INFO - Recall: 0.6800
2025-09-27 21:36:54,722 - [random_oversampling.random_forest] - INFO - F1-Score: 0.6213
2025-09-27 21:36:54,755 - [random_oversampling.random_forest] - INFO - Classification Report:
              precision    recall  f1-score   support

         0.0       0.95      0.85      0.90     70854
         1.0       0.21      0.36      0.26      2397
         2.0       0.61      0.83      0.70     16590

    accuracy                           0.83     89841
   macro avg       0.59      0.68      0.62     89841
weighted avg       0.87      0.83      0.84     89841

2025-09-27 21:36:54,788 - [random_oversampling.random_forest] - INFO - Confusion Matrix:
[[60130  2647  8077]
 [  764   873   760]
 [ 2191   675 13724]]
2025-09-27 21:36:56,575 - [random_oversampling.random_forest] - INFO - Probabilities predicted for 89841 samples
2025-09-27 21:40:16,138 - [random_oversampling.random_forest] - INFO - Cross-validation results:
2025-09-27 21:40:16,139 - [random_oversampling.random_forest] - INFO - Mean accuracy: 0.8547 (+/- 0.0028)
2025-09-27 21:40:16,140 - [random_oversampling.xgboost] - INFO - Starting XGBoost model training...
2025-09-27 21:40:24,186 - [random_oversampling.xgboost] - INFO - Model training completed. Training samples: 433416
2025-09-27 21:40:24,388 - [random_oversampling.xgboost] - INFO - Predictions made for 89841 samples
2025-09-27 21:40:24,426 - [random_oversampling.xgboost] - INFO - Model Evaluation Results:
2025-09-27 21:40:24,427 - [random_oversampling.xgboost] - INFO - Accuracy: 0.8947
2025-09-27 21:40:24,428 - [random_oversampling.xgboost] - INFO - Precision: 0.7715
2025-09-27 21:40:24,430 - [random_oversampling.xgboost] - INFO - Recall: 0.6542
2025-09-27 21:40:24,431 - [random_oversampling.xgboost] - INFO - F1-Score: 0.6969
2025-09-27 21:40:24,469 - [random_oversampling.xgboost] - INFO - Classification Report:
              precision    recall  f1-score   support

         0.0       0.92      0.96      0.94     70854
         1.0       0.59      0.31      0.41      2397
         2.0       0.81      0.69      0.74     16590

    accuracy                           0.89     89841
   macro avg       0.77      0.65      0.70     89841
weighted avg       0.89      0.89      0.89     89841

2025-09-27 21:40:24,515 - [random_oversampling.xgboost] - INFO - Confusion Matrix:
[[68244   377  2233]
 [ 1201   751   445]
 [ 5060   147 11383]]
2025-09-27 21:40:24,668 - [random_oversampling.xgboost] - INFO - Probabilities predicted for 89841 samples
2025-09-27 21:41:06,529 - [random_oversampling.xgboost] - INFO - Cross-validation results:
2025-09-27 21:41:06,531 - [random_oversampling.xgboost] - INFO - Mean accuracy: 0.8264 (+/- 0.0013)
2025-09-27 21:41:06,532 - [random_oversampling.lightgbm] - INFO - Starting LightGBM model training...
2025-09-27 21:41:14,469 - [random_oversampling.lightgbm] - INFO - Model training completed. Training samples: 433416
2025-09-27 21:41:15,190 - [random_oversampling.lightgbm] - INFO - Predictions made for 89841 samples
2025-09-27 21:41:15,234 - [random_oversampling.lightgbm] - INFO - Model Evaluation Results:
2025-09-27 21:41:15,235 - [random_oversampling.lightgbm] - INFO - Accuracy: 0.8937
2025-09-27 21:41:15,236 - [random_oversampling.lightgbm] - INFO - Precision: 0.7571
2025-09-27 21:41:15,237 - [random_oversampling.lightgbm] - INFO - Recall: 0.6576
2025-09-27 21:41:15,239 - [random_oversampling.lightgbm] - INFO - F1-Score: 0.6954
2025-09-27 21:41:15,284 - [random_oversampling.lightgbm] - INFO - Classification Report:
              precision    recall  f1-score   support

         0.0       0.92      0.96      0.94     70854
         1.0       0.55      0.32      0.40      2397
         2.0       0.80      0.69      0.74     16590

    accuracy                           0.89     89841
   macro avg       0.76      0.66      0.70     89841
weighted avg       0.89      0.89      0.89     89841

2025-09-27 21:41:15,329 - [random_oversampling.lightgbm] - INFO - Confusion Matrix:
[[68001   421  2432]
 [ 1182   763   452]
 [ 4870   195 11525]]
2025-09-27 21:41:16,026 - [random_oversampling.lightgbm] - INFO - Probabilities predicted for 89841 samples
2025-09-27 21:41:51,563 - [random_oversampling.lightgbm] - INFO - Cross-validation results:
2025-09-27 21:41:51,565 - [random_oversampling.lightgbm] - INFO - Mean accuracy: 0.8300 (+/- 0.0013)
2025-09-27 21:41:51,585 - [random_oversampling.sgd_classifier] - INFO - Predictions made for 89841 samples
2025-09-27 21:41:51,641 - [random_oversampling.sgd_classifier] - INFO - Probabilities predicted for 89841 samples
2025-09-27 21:41:51,874 - [random_oversampling.logistic_regression] - INFO - Predictions made for 89841 samples
2025-09-27 21:41:51,899 - [random_oversampling.logistic_regression] - INFO - Probabilities predicted for 89841 samples
2025-09-27 21:41:52,142 - [random_oversampling.naive_bayes] - INFO - Predictions made for 89841 samples
2025-09-27 21:41:52,201 - [random_oversampling.naive_bayes] - INFO - Probabilities predicted for 89841 samples
2025-09-27 21:41:54,210 - [random_oversampling.random_forest] - INFO - Predictions made for 89841 samples
2025-09-27 21:41:55,932 - [random_oversampling.random_forest] - INFO - Probabilities predicted for 89841 samples
2025-09-27 21:41:56,153 - [random_oversampling.xgboost] - INFO - Predictions made for 89841 samples
2025-09-27 21:41:56,285 - [random_oversampling.xgboost] - INFO - Probabilities predicted for 89841 samples
2025-09-27 21:41:57,072 - [random_oversampling.lightgbm] - INFO - Predictions made for 89841 samples
2025-09-27 21:41:57,770 - [random_oversampling.lightgbm] - INFO - Probabilities predicted for 89841 samples
2025-09-27 21:41:59,970 - [smote.sgd_classifier] - INFO - DiabetesSGDClassifier initialized with parameters:
2025-09-27 21:41:59,972 - [smote.sgd_classifier] - INFO -   loss: log_loss
2025-09-27 21:41:59,972 - [smote.sgd_classifier] - INFO -   penalty: l2
2025-09-27 21:41:59,973 - [smote.sgd_classifier] - INFO -   alpha: 0.0001
2025-09-27 21:41:59,974 - [smote.sgd_classifier] - INFO -   learning_rate: constant
2025-09-27 21:41:59,975 - [smote.sgd_classifier] - INFO -   eta0: 0.01
2025-09-27 21:41:59,976 - [smote.sgd_classifier] - INFO -   max_iter: 1000
2025-09-27 21:41:59,977 - [smote.sgd_classifier] - INFO -   random_state: 42
2025-09-27 21:41:59,978 - [smote.logistic_regression] - INFO - DiabetesLogisticRegression initialized with parameters:
2025-09-27 21:41:59,979 - [smote.logistic_regression] - INFO -   C: 1.0
2025-09-27 21:41:59,980 - [smote.logistic_regression] - INFO -   penalty: l2
2025-09-27 21:41:59,981 - [smote.logistic_regression] - INFO -   class_weight: None
2025-09-27 21:41:59,982 - [smote.logistic_regression] - INFO -   solver: saga
2025-09-27 21:41:59,984 - [smote.logistic_regression] - INFO -   max_iter: 10000
2025-09-27 21:41:59,985 - [smote.logistic_regression] - INFO -   random_state: 42
2025-09-27 21:41:59,987 - [smote.naive_bayes] - INFO - DiabetesNaiveBayes (Gaussian) initialized with parameters:
2025-09-27 21:41:59,988 - [smote.naive_bayes] - INFO -   nb_type: gaussian
2025-09-27 21:41:59,989 - [smote.naive_bayes] - INFO -   var_smoothing: 1e-09
2025-09-27 21:41:59,990 - [smote.random_forest] - INFO - DiabetesRandomForest initialized with parameters:
2025-09-27 21:41:59,990 - [smote.random_forest] - INFO -   n_estimators: 100
2025-09-27 21:41:59,991 - [smote.random_forest] - INFO -   max_depth: 25
2025-09-27 21:41:59,992 - [smote.random_forest] - INFO -   min_samples_split: 5
2025-09-27 21:41:59,992 - [smote.random_forest] - INFO -   min_samples_leaf: 5
2025-09-27 21:41:59,993 - [smote.random_forest] - INFO -   max_features: sqrt
2025-09-27 21:41:59,993 - [smote.random_forest] - INFO -   class_weight: balanced
2025-09-27 21:41:59,994 - [smote.random_forest] - INFO -   random_state: 42
2025-09-27 21:41:59,995 - [smote.xgboost] - INFO - DiabetesXGBoostClassifier initialized with parameters:
2025-09-27 21:41:59,996 - [smote.xgboost] - INFO -  n_estimators: 100
2025-09-27 21:41:59,997 - [smote.xgboost] - INFO -  max_depth: 6
2025-09-27 21:41:59,997 - [smote.xgboost] - INFO -  learning_rate: 0.1
2025-09-27 21:41:59,998 - [smote.xgboost] - INFO -  subsample: 1.0
2025-09-27 21:41:59,999 - [smote.xgboost] - INFO -  colsample_bytree: 1.0
2025-09-27 21:42:00,000 - [smote.xgboost] - INFO -  random_state: 42
2025-09-27 21:42:00,002 - [smote.lightgbm] - INFO - DiabetesLightGBMClassifier initialized with parameters:
2025-09-27 21:42:00,003 - [smote.lightgbm] - INFO -  n_estimators: 100
2025-09-27 21:42:00,004 - [smote.lightgbm] - INFO -  max_depth: -1
2025-09-27 21:42:00,005 - [smote.lightgbm] - INFO -  learning_rate: 0.1
2025-09-27 21:42:00,006 - [smote.lightgbm] - INFO -  num_leaves: 31
2025-09-27 21:42:00,006 - [smote.lightgbm] - INFO -  subsample: 1.0
2025-09-27 21:42:00,007 - [smote.lightgbm] - INFO -  colsample_bytree: 1.0
2025-09-27 21:42:00,008 - [smote.lightgbm] - INFO -  random_state: 42
2025-09-27 21:42:00,008 - [smote.sgd_classifier] - INFO - Starting SGD Classifier model training...
2025-09-27 21:42:01,792 - [smote.sgd_classifier] - INFO - Model training completed. Training samples: 433416
2025-09-27 21:42:01,793 - [smote.sgd_classifier] - INFO - Number of iterations: 7
2025-09-27 21:42:01,805 - [smote.sgd_classifier] - INFO - Predictions made for 89841 samples
2025-09-27 21:42:01,860 - [smote.sgd_classifier] - INFO - Model Evaluation Results:
2025-09-27 21:42:01,861 - [smote.sgd_classifier] - INFO - Accuracy: 0.8222
2025-09-27 21:42:01,862 - [smote.sgd_classifier] - INFO - Precision: 0.5281
2025-09-27 21:42:01,862 - [smote.sgd_classifier] - INFO - Recall: 0.4720
2025-09-27 21:42:01,863 - [smote.sgd_classifier] - INFO - F1-Score: 0.4902
2025-09-27 21:42:01,923 - [smote.sgd_classifier] - INFO - Classification Report:
              precision    recall  f1-score   support

         0.0       0.86      0.94      0.90     70854
         1.0       0.10      0.05      0.06      2397
         2.0       0.62      0.43      0.51     16590

    accuracy                           0.82     89841
   macro avg       0.53      0.47      0.49     89841
weighted avg       0.80      0.82      0.80     89841

2025-09-27 21:42:01,994 - [smote.sgd_classifier] - INFO - Confusion Matrix:
[[66613   478  3763]
 [ 1717   108   572]
 [ 8948   496  7146]]
2025-09-27 21:42:02,014 - [smote.sgd_classifier] - INFO - Probabilities predicted for 89841 samples
2025-09-27 21:42:09,486 - [smote.sgd_classifier] - INFO - Cross-validation results:
2025-09-27 21:42:09,488 - [smote.sgd_classifier] - INFO - Mean accuracy: 0.7201 (+/- 0.0051)
2025-09-27 21:42:09,489 - [smote.logistic_regression] - INFO - Starting Logistic Regression model training...
2025-09-27 21:43:27,643 - [smote.logistic_regression] - INFO - Model training completed. Training samples: 433416
2025-09-27 21:43:27,652 - [smote.logistic_regression] - INFO - Predictions made for 89841 samples
2025-09-27 21:43:27,683 - [smote.logistic_regression] - INFO - Model Evaluation Results:
2025-09-27 21:43:27,684 - [smote.logistic_regression] - INFO - Accuracy: 0.8211
2025-09-27 21:43:27,686 - [smote.logistic_regression] - INFO - Precision: 0.5916
2025-09-27 21:43:27,686 - [smote.logistic_regression] - INFO - Recall: 0.4763
2025-09-27 21:43:27,687 - [smote.logistic_regression] - INFO - F1-Score: 0.4839
2025-09-27 21:43:27,721 - [smote.logistic_regression] - INFO - Classification Report:
              precision    recall  f1-score   support

         0.0       0.87      0.93      0.90     70854
         1.0       0.33      0.01      0.03      2397
         2.0       0.58      0.49      0.53     16590

    accuracy                           0.82     89841
   macro avg       0.59      0.48      0.48     89841
weighted avg       0.80      0.82      0.80     89841

2025-09-27 21:43:27,787 - [smote.logistic_regression] - INFO - Confusion Matrix:
[[65621     8  5225]
 [ 1664    33   700]
 [ 8420    59  8111]]
2025-09-27 21:43:27,807 - [smote.logistic_regression] - INFO - Probabilities predicted for 89841 samples
2025-09-27 21:48:33,220 - [smote.logistic_regression] - INFO - Cross-validation results:
2025-09-27 21:48:33,222 - [smote.logistic_regression] - INFO - Mean accuracy: 0.7214 (+/- 0.0033)
2025-09-27 21:48:33,223 - [smote.naive_bayes] - INFO - Starting Gaussian Naive Bayes model training...
2025-09-27 21:48:33,431 - [smote.naive_bayes] - INFO - Model training completed. Training samples: 433416
2025-09-27 21:48:33,431 - [smote.naive_bayes] - INFO - Number of classes: 3
2025-09-27 21:48:33,432 - [smote.naive_bayes] - INFO - Classes: [0. 1. 2.]
2025-09-27 21:48:33,481 - [smote.naive_bayes] - INFO - Predictions made for 89841 samples
2025-09-27 21:48:33,515 - [smote.naive_bayes] - INFO - Model Evaluation Results:
2025-09-27 21:48:33,516 - [smote.naive_bayes] - INFO - Accuracy: 0.7090
2025-09-27 21:48:33,516 - [smote.naive_bayes] - INFO - Precision: 0.4676
2025-09-27 21:48:33,517 - [smote.naive_bayes] - INFO - Recall: 0.5105
2025-09-27 21:48:33,517 - [smote.naive_bayes] - INFO - F1-Score: 0.4697
2025-09-27 21:48:33,556 - [smote.naive_bayes] - INFO - Classification Report:
              precision    recall  f1-score   support

         0.0       0.90      0.76      0.82     70854
         1.0       0.05      0.21      0.09      2397
         2.0       0.45      0.56      0.50     16590

    accuracy                           0.71     89841
   macro avg       0.47      0.51      0.47     89841
weighted avg       0.79      0.71      0.74     89841

2025-09-27 21:48:33,594 - [smote.naive_bayes] - INFO - Confusion Matrix:
[[53854  6233 10767]
 [ 1116   499   782]
 [ 4772  2476  9342]]
2025-09-27 21:48:33,644 - [smote.naive_bayes] - INFO - Probabilities predicted for 89841 samples
2025-09-27 21:48:34,768 - [smote.naive_bayes] - INFO - Cross-validation results:
2025-09-27 21:48:34,768 - [smote.naive_bayes] - INFO - Mean accuracy: 0.6486 (+/- 0.0124)
2025-09-27 21:48:34,769 - [smote.random_forest] - INFO - Starting Random Forest model training...
2025-09-27 21:49:41,413 - [smote.random_forest] - INFO - Model training completed. Training samples: 433416
2025-09-27 21:49:41,413 - [smote.random_forest] - INFO - Number of trees: 100
2025-09-27 21:49:43,096 - [smote.random_forest] - INFO - Predictions made for 89841 samples
2025-09-27 21:49:43,125 - [smote.random_forest] - INFO - Model Evaluation Results:
2025-09-27 21:49:43,126 - [smote.random_forest] - INFO - Accuracy: 0.8627
2025-09-27 21:49:43,126 - [smote.random_forest] - INFO - Precision: 0.7215
2025-09-27 21:49:43,127 - [smote.random_forest] - INFO - Recall: 0.6577
2025-09-27 21:49:43,127 - [smote.random_forest] - INFO - F1-Score: 0.6632
2025-09-27 21:49:43,157 - [smote.random_forest] - INFO - Classification Report:
              precision    recall  f1-score   support

         0.0       0.94      0.89      0.92     70854
         1.0       0.59      0.26      0.36      2397
         2.0       0.63      0.82      0.71     16590

    accuracy                           0.86     89841
   macro avg       0.72      0.66      0.66     89841
weighted avg       0.88      0.86      0.86     89841

2025-09-27 21:49:43,190 - [smote.random_forest] - INFO - Confusion Matrix:
[[63259   336  7259]
 [  969   621   807]
 [ 2878    89 13623]]
2025-09-27 21:49:44,798 - [smote.random_forest] - INFO - Probabilities predicted for 89841 samples
2025-09-27 21:54:08,898 - [smote.random_forest] - INFO - Cross-validation results:
2025-09-27 21:54:08,899 - [smote.random_forest] - INFO - Mean accuracy: 0.8500 (+/- 0.0552)
2025-09-27 21:54:08,899 - [smote.xgboost] - INFO - Starting XGBoost model training...
2025-09-27 21:54:18,180 - [smote.xgboost] - INFO - Model training completed. Training samples: 433416
2025-09-27 21:54:18,330 - [smote.xgboost] - INFO - Predictions made for 89841 samples
2025-09-27 21:54:18,369 - [smote.xgboost] - INFO - Model Evaluation Results:
2025-09-27 21:54:18,370 - [smote.xgboost] - INFO - Accuracy: 0.8995
2025-09-27 21:54:18,370 - [smote.xgboost] - INFO - Precision: 0.8970
2025-09-27 21:54:18,372 - [smote.xgboost] - INFO - Recall: 0.6252
2025-09-27 21:54:18,373 - [smote.xgboost] - INFO - F1-Score: 0.6874
2025-09-27 21:54:18,410 - [smote.xgboost] - INFO - Classification Report:
              precision    recall  f1-score   support

         0.0       0.91      0.98      0.94     70854
         1.0       0.94      0.24      0.38      2397
         2.0       0.84      0.66      0.74     16590

    accuracy                           0.90     89841
   macro avg       0.90      0.63      0.69     89841
weighted avg       0.90      0.90      0.89     89841

2025-09-27 21:54:18,456 - [smote.xgboost] - INFO - Confusion Matrix:
[[69305     0  1549]
 [ 1341   571   485]
 [ 5618    37 10935]]
2025-09-27 21:54:18,592 - [smote.xgboost] - INFO - Probabilities predicted for 89841 samples
2025-09-27 21:54:55,882 - [smote.xgboost] - INFO - Cross-validation results:
2025-09-27 21:54:55,884 - [smote.xgboost] - INFO - Mean accuracy: 0.8666 (+/- 0.0477)
2025-09-27 21:54:55,887 - [smote.lightgbm] - INFO - Starting LightGBM model training...
2025-09-27 21:55:05,256 - [smote.lightgbm] - INFO - Model training completed. Training samples: 433416
2025-09-27 21:55:06,199 - [smote.lightgbm] - INFO - Predictions made for 89841 samples
2025-09-27 21:55:06,237 - [smote.lightgbm] - INFO - Model Evaluation Results:
2025-09-27 21:55:06,238 - [smote.lightgbm] - INFO - Accuracy: 0.9008
2025-09-27 21:55:06,239 - [smote.lightgbm] - INFO - Precision: 0.9120
2025-09-27 21:55:06,239 - [smote.lightgbm] - INFO - Recall: 0.6250
2025-09-27 21:55:06,240 - [smote.lightgbm] - INFO - F1-Score: 0.6904
2025-09-27 21:55:06,282 - [smote.lightgbm] - INFO - Classification Report:
              precision    recall  f1-score   support

         0.0       0.91      0.98      0.94     70854
         1.0       0.97      0.24      0.39      2397
         2.0       0.86      0.65      0.74     16590

    accuracy                           0.90     89841
   macro avg       0.91      0.63      0.69     89841
weighted avg       0.90      0.90      0.89     89841

2025-09-27 21:55:06,324 - [smote.lightgbm] - INFO - Confusion Matrix:
[[69534     0  1320]
 [ 1361   580   456]
 [ 5759    18 10813]]
2025-09-27 21:55:07,165 - [smote.lightgbm] - INFO - Probabilities predicted for 89841 samples
2025-09-27 21:55:48,878 - [smote.lightgbm] - INFO - Cross-validation results:
2025-09-27 21:55:48,879 - [smote.lightgbm] - INFO - Mean accuracy: 0.8793 (+/- 0.0586)
2025-09-27 21:55:48,896 - [smote.sgd_classifier] - INFO - Predictions made for 89841 samples
2025-09-27 21:55:48,916 - [smote.sgd_classifier] - INFO - Probabilities predicted for 89841 samples
2025-09-27 21:55:49,192 - [smote.logistic_regression] - INFO - Predictions made for 89841 samples
2025-09-27 21:55:49,218 - [smote.logistic_regression] - INFO - Probabilities predicted for 89841 samples
2025-09-27 21:55:49,458 - [smote.naive_bayes] - INFO - Predictions made for 89841 samples
2025-09-27 21:55:49,514 - [smote.naive_bayes] - INFO - Probabilities predicted for 89841 samples
2025-09-27 21:55:51,750 - [smote.random_forest] - INFO - Predictions made for 89841 samples
2025-09-27 21:55:53,943 - [smote.random_forest] - INFO - Probabilities predicted for 89841 samples
2025-09-27 21:55:54,264 - [smote.xgboost] - INFO - Predictions made for 89841 samples
2025-09-27 21:55:54,566 - [smote.xgboost] - INFO - Probabilities predicted for 89841 samples
2025-09-27 21:55:55,730 - [smote.lightgbm] - INFO - Predictions made for 89841 samples
2025-09-27 21:55:56,846 - [smote.lightgbm] - INFO - Probabilities predicted for 89841 samples
2025-09-27 21:55:59,090 - [adasyn.sgd_classifier] - INFO - DiabetesSGDClassifier initialized with parameters:
2025-09-27 21:55:59,092 - [adasyn.sgd_classifier] - INFO -   loss: log_loss
2025-09-27 21:55:59,092 - [adasyn.sgd_classifier] - INFO -   penalty: l2
2025-09-27 21:55:59,093 - [adasyn.sgd_classifier] - INFO -   alpha: 0.0001
2025-09-27 21:55:59,095 - [adasyn.sgd_classifier] - INFO -   learning_rate: constant
2025-09-27 21:55:59,097 - [adasyn.sgd_classifier] - INFO -   eta0: 0.01
2025-09-27 21:55:59,098 - [adasyn.sgd_classifier] - INFO -   max_iter: 1000
2025-09-27 21:55:59,099 - [adasyn.sgd_classifier] - INFO -   random_state: 42
2025-09-27 21:55:59,100 - [adasyn.logistic_regression] - INFO - DiabetesLogisticRegression initialized with parameters:
2025-09-27 21:55:59,101 - [adasyn.logistic_regression] - INFO -   C: 1.0
2025-09-27 21:55:59,102 - [adasyn.logistic_regression] - INFO -   penalty: l2
2025-09-27 21:55:59,103 - [adasyn.logistic_regression] - INFO -   class_weight: None
2025-09-27 21:55:59,104 - [adasyn.logistic_regression] - INFO -   solver: saga
2025-09-27 21:55:59,105 - [adasyn.logistic_regression] - INFO -   max_iter: 10000
2025-09-27 21:55:59,105 - [adasyn.logistic_regression] - INFO -   random_state: 42
2025-09-27 21:55:59,107 - [adasyn.naive_bayes] - INFO - DiabetesNaiveBayes (Gaussian) initialized with parameters:
2025-09-27 21:55:59,107 - [adasyn.naive_bayes] - INFO -   nb_type: gaussian
2025-09-27 21:55:59,108 - [adasyn.naive_bayes] - INFO -   var_smoothing: 1e-09
2025-09-27 21:55:59,109 - [adasyn.random_forest] - INFO - DiabetesRandomForest initialized with parameters:
2025-09-27 21:55:59,111 - [adasyn.random_forest] - INFO -   n_estimators: 100
2025-09-27 21:55:59,111 - [adasyn.random_forest] - INFO -   max_depth: 25
2025-09-27 21:55:59,113 - [adasyn.random_forest] - INFO -   min_samples_split: 5
2025-09-27 21:55:59,114 - [adasyn.random_forest] - INFO -   min_samples_leaf: 5
2025-09-27 21:55:59,115 - [adasyn.random_forest] - INFO -   max_features: sqrt
2025-09-27 21:55:59,116 - [adasyn.random_forest] - INFO -   class_weight: balanced
2025-09-27 21:55:59,117 - [adasyn.random_forest] - INFO -   random_state: 42
2025-09-27 21:55:59,118 - [adasyn.xgboost] - INFO - DiabetesXGBoostClassifier initialized with parameters:
2025-09-27 21:55:59,119 - [adasyn.xgboost] - INFO -  n_estimators: 100
2025-09-27 21:55:59,119 - [adasyn.xgboost] - INFO -  max_depth: 6
2025-09-27 21:55:59,120 - [adasyn.xgboost] - INFO -  learning_rate: 0.1
2025-09-27 21:55:59,121 - [adasyn.xgboost] - INFO -  subsample: 1.0
2025-09-27 21:55:59,121 - [adasyn.xgboost] - INFO -  colsample_bytree: 1.0
2025-09-27 21:55:59,122 - [adasyn.xgboost] - INFO -  random_state: 42
2025-09-27 21:55:59,123 - [adasyn.lightgbm] - INFO - DiabetesLightGBMClassifier initialized with parameters:
2025-09-27 21:55:59,124 - [adasyn.lightgbm] - INFO -  n_estimators: 100
2025-09-27 21:55:59,124 - [adasyn.lightgbm] - INFO -  max_depth: -1
2025-09-27 21:55:59,125 - [adasyn.lightgbm] - INFO -  learning_rate: 0.1
2025-09-27 21:55:59,125 - [adasyn.lightgbm] - INFO -  num_leaves: 31
2025-09-27 21:55:59,127 - [adasyn.lightgbm] - INFO -  subsample: 1.0
2025-09-27 21:55:59,129 - [adasyn.lightgbm] - INFO -  colsample_bytree: 1.0
2025-09-27 21:55:59,130 - [adasyn.lightgbm] - INFO -  random_state: 42
2025-09-27 21:55:59,131 - [adasyn.sgd_classifier] - INFO - Starting SGD Classifier model training...
2025-09-27 21:56:00,675 - [adasyn.sgd_classifier] - INFO - Model training completed. Training samples: 429230
2025-09-27 21:56:00,676 - [adasyn.sgd_classifier] - INFO - Number of iterations: 7
2025-09-27 21:56:00,689 - [adasyn.sgd_classifier] - INFO - Predictions made for 89841 samples
2025-09-27 21:56:00,742 - [adasyn.sgd_classifier] - INFO - Model Evaluation Results:
2025-09-27 21:56:00,743 - [adasyn.sgd_classifier] - INFO - Accuracy: 0.8198
2025-09-27 21:56:00,745 - [adasyn.sgd_classifier] - INFO - Precision: 0.6136
2025-09-27 21:56:00,748 - [adasyn.sgd_classifier] - INFO - Recall: 0.4726
2025-09-27 21:56:00,750 - [adasyn.sgd_classifier] - INFO - F1-Score: 0.4755
2025-09-27 21:56:00,799 - [adasyn.sgd_classifier] - INFO - Classification Report:
              precision    recall  f1-score   support

         0.0       0.87      0.92      0.89     70854
         1.0       0.40      0.00      0.00      2397
         2.0       0.57      0.49      0.53     16590

    accuracy                           0.82     89841
   macro avg       0.61      0.47      0.48     89841
weighted avg       0.80      0.82      0.80     89841

2025-09-27 21:56:00,876 - [adasyn.sgd_classifier] - INFO - Confusion Matrix:
[[65466     0  5388]
 [ 1734     2   661]
 [ 8406     3  8181]]
2025-09-27 21:56:00,899 - [adasyn.sgd_classifier] - INFO - Probabilities predicted for 89841 samples
2025-09-27 21:56:07,868 - [adasyn.sgd_classifier] - INFO - Cross-validation results:
2025-09-27 21:56:07,869 - [adasyn.sgd_classifier] - INFO - Mean accuracy: 0.7041 (+/- 0.0449)
2025-09-27 21:56:07,870 - [adasyn.logistic_regression] - INFO - Starting Logistic Regression model training...
2025-09-27 21:57:20,205 - [adasyn.logistic_regression] - INFO - Model training completed. Training samples: 429230
2025-09-27 21:57:20,217 - [adasyn.logistic_regression] - INFO - Predictions made for 89841 samples
2025-09-27 21:57:20,248 - [adasyn.logistic_regression] - INFO - Model Evaluation Results:
2025-09-27 21:57:20,250 - [adasyn.logistic_regression] - INFO - Accuracy: 0.8176
2025-09-27 21:57:20,250 - [adasyn.logistic_regression] - INFO - Precision: 0.5839
2025-09-27 21:57:20,251 - [adasyn.logistic_regression] - INFO - Recall: 0.4768
2025-09-27 21:57:20,252 - [adasyn.logistic_regression] - INFO - F1-Score: 0.4795
2025-09-27 21:57:20,289 - [adasyn.logistic_regression] - INFO - Classification Report:
              precision    recall  f1-score   support

         0.0       0.87      0.92      0.89     70854
         1.0       0.32      0.01      0.01      2397
         2.0       0.56      0.51      0.53     16590

    accuracy                           0.82     89841
   macro avg       0.58      0.48      0.48     89841
weighted avg       0.80      0.82      0.80     89841

2025-09-27 21:57:20,364 - [adasyn.logistic_regression] - INFO - Confusion Matrix:
[[65047     3  5804]
 [ 1685    16   696]
 [ 8172    31  8387]]
2025-09-27 21:57:20,402 - [adasyn.logistic_regression] - INFO - Probabilities predicted for 89841 samples
2025-09-27 22:02:15,448 - [adasyn.logistic_regression] - INFO - Cross-validation results:
2025-09-27 22:02:15,449 - [adasyn.logistic_regression] - INFO - Mean accuracy: 0.7030 (+/- 0.0438)
2025-09-27 22:02:15,450 - [adasyn.naive_bayes] - INFO - Starting Gaussian Naive Bayes model training...
2025-09-27 22:02:15,676 - [adasyn.naive_bayes] - INFO - Model training completed. Training samples: 429230
2025-09-27 22:02:15,677 - [adasyn.naive_bayes] - INFO - Number of classes: 3
2025-09-27 22:02:15,677 - [adasyn.naive_bayes] - INFO - Classes: [0. 1. 2.]
2025-09-27 22:02:15,724 - [adasyn.naive_bayes] - INFO - Predictions made for 89841 samples
2025-09-27 22:02:15,756 - [adasyn.naive_bayes] - INFO - Model Evaluation Results:
2025-09-27 22:02:15,757 - [adasyn.naive_bayes] - INFO - Accuracy: 0.6818
2025-09-27 22:02:15,758 - [adasyn.naive_bayes] - INFO - Precision: 0.4669
2025-09-27 22:02:15,759 - [adasyn.naive_bayes] - INFO - Recall: 0.5145
2025-09-27 22:02:15,759 - [adasyn.naive_bayes] - INFO - F1-Score: 0.4615
2025-09-27 22:02:15,797 - [adasyn.naive_bayes] - INFO - Classification Report:
              precision    recall  f1-score   support

         0.0       0.92      0.72      0.81     70854
         1.0       0.05      0.24      0.08      2397
         2.0       0.43      0.58      0.50     16590

    accuracy                           0.68     89841
   macro avg       0.47      0.51      0.46     89841
weighted avg       0.81      0.68      0.73     89841

2025-09-27 22:02:15,833 - [adasyn.naive_bayes] - INFO - Confusion Matrix:
[[51056  8143 11655]
 [  961   583   853]
 [ 3596  3379  9615]]
2025-09-27 22:02:15,883 - [adasyn.naive_bayes] - INFO - Probabilities predicted for 89841 samples
2025-09-27 22:02:17,514 - [adasyn.naive_bayes] - INFO - Cross-validation results:
2025-09-27 22:02:17,515 - [adasyn.naive_bayes] - INFO - Mean accuracy: 0.6188 (+/- 0.0473)
2025-09-27 22:02:17,517 - [adasyn.random_forest] - INFO - Starting Random Forest model training...
2025-09-27 22:03:30,849 - [adasyn.random_forest] - INFO - Model training completed. Training samples: 429230
2025-09-27 22:03:30,850 - [adasyn.random_forest] - INFO - Number of trees: 100
2025-09-27 22:03:32,317 - [adasyn.random_forest] - INFO - Predictions made for 89841 samples
2025-09-27 22:03:32,341 - [adasyn.random_forest] - INFO - Model Evaluation Results:
2025-09-27 22:03:32,342 - [adasyn.random_forest] - INFO - Accuracy: 0.8526
2025-09-27 22:03:32,342 - [adasyn.random_forest] - INFO - Precision: 0.7109
2025-09-27 22:03:32,342 - [adasyn.random_forest] - INFO - Recall: 0.6574
2025-09-27 22:03:32,343 - [adasyn.random_forest] - INFO - F1-Score: 0.6551
2025-09-27 22:03:32,367 - [adasyn.random_forest] - INFO - Classification Report:
              precision    recall  f1-score   support

         0.0       0.95      0.88      0.91     70854
         1.0       0.59      0.26      0.36      2397
         2.0       0.60      0.84      0.70     16590

    accuracy                           0.85     89841
   macro avg       0.71      0.66      0.66     89841
weighted avg       0.87      0.85      0.86     89841

2025-09-27 22:03:32,409 - [adasyn.random_forest] - INFO - Confusion Matrix:
[[62022   353  8479]
 [  918   612   867]
 [ 2552    78 13960]]
2025-09-27 22:03:33,980 - [adasyn.random_forest] - INFO - Probabilities predicted for 89841 samples
2025-09-27 22:08:13,033 - [adasyn.random_forest] - INFO - Cross-validation results:
2025-09-27 22:08:13,034 - [adasyn.random_forest] - INFO - Mean accuracy: 0.8272 (+/- 0.0693)
2025-09-27 22:08:13,035 - [adasyn.xgboost] - INFO - Starting XGBoost model training...
2025-09-27 22:08:22,130 - [adasyn.xgboost] - INFO - Model training completed. Training samples: 429230
2025-09-27 22:08:22,395 - [adasyn.xgboost] - INFO - Predictions made for 89841 samples
2025-09-27 22:08:22,444 - [adasyn.xgboost] - INFO - Model Evaluation Results:
2025-09-27 22:08:22,445 - [adasyn.xgboost] - INFO - Accuracy: 0.8989
2025-09-27 22:08:22,446 - [adasyn.xgboost] - INFO - Precision: 0.8929
2025-09-27 22:08:22,447 - [adasyn.xgboost] - INFO - Recall: 0.6271
2025-09-27 22:08:22,448 - [adasyn.xgboost] - INFO - F1-Score: 0.6875
2025-09-27 22:08:22,485 - [adasyn.xgboost] - INFO - Classification Report:
              precision    recall  f1-score   support

         0.0       0.91      0.98      0.94     70854
         1.0       0.94      0.24      0.38      2397
         2.0       0.83      0.67      0.74     16590

    accuracy                           0.90     89841
   macro avg       0.89      0.63      0.69     89841
weighted avg       0.90      0.90      0.89     89841

2025-09-27 22:08:22,531 - [adasyn.xgboost] - INFO - Confusion Matrix:
[[69121     0  1733]
 [ 1325   572   500]
 [ 5485    39 11066]]
2025-09-27 22:08:22,658 - [adasyn.xgboost] - INFO - Probabilities predicted for 89841 samples
2025-09-27 22:09:09,834 - [adasyn.xgboost] - INFO - Cross-validation results:
2025-09-27 22:09:09,836 - [adasyn.xgboost] - INFO - Mean accuracy: 0.8521 (+/- 0.0438)
2025-09-27 22:09:09,837 - [adasyn.lightgbm] - INFO - Starting LightGBM model training...
2025-09-27 22:09:18,805 - [adasyn.lightgbm] - INFO - Model training completed. Training samples: 429230
2025-09-27 22:09:19,696 - [adasyn.lightgbm] - INFO - Predictions made for 89841 samples
2025-09-27 22:09:19,734 - [adasyn.lightgbm] - INFO - Model Evaluation Results:
2025-09-27 22:09:19,735 - [adasyn.lightgbm] - INFO - Accuracy: 0.9012
2025-09-27 22:09:19,736 - [adasyn.lightgbm] - INFO - Precision: 0.9159
2025-09-27 22:09:19,737 - [adasyn.lightgbm] - INFO - Recall: 0.6244
2025-09-27 22:09:19,740 - [adasyn.lightgbm] - INFO - F1-Score: 0.6902
2025-09-27 22:09:19,780 - [adasyn.lightgbm] - INFO - Classification Report:
              precision    recall  f1-score   support

         0.0       0.91      0.98      0.94     70854
         1.0       0.98      0.24      0.39      2397
         2.0       0.86      0.65      0.74     16590

    accuracy                           0.90     89841
   macro avg       0.92      0.62      0.69     89841
weighted avg       0.90      0.90      0.89     89841

2025-09-27 22:09:19,823 - [adasyn.lightgbm] - INFO - Confusion Matrix:
[[69601     0  1253]
 [ 1361   576   460]
 [ 5785    13 10792]]
2025-09-27 22:09:20,665 - [adasyn.lightgbm] - INFO - Probabilities predicted for 89841 samples
2025-09-27 22:10:01,700 - [adasyn.lightgbm] - INFO - Cross-validation results:
2025-09-27 22:10:01,701 - [adasyn.lightgbm] - INFO - Mean accuracy: 0.8676 (+/- 0.0489)
2025-09-27 22:10:01,723 - [adasyn.sgd_classifier] - INFO - Predictions made for 89841 samples
2025-09-27 22:10:01,743 - [adasyn.sgd_classifier] - INFO - Probabilities predicted for 89841 samples
2025-09-27 22:10:01,977 - [adasyn.logistic_regression] - INFO - Predictions made for 89841 samples
2025-09-27 22:10:02,001 - [adasyn.logistic_regression] - INFO - Probabilities predicted for 89841 samples
2025-09-27 22:10:02,240 - [adasyn.naive_bayes] - INFO - Predictions made for 89841 samples
2025-09-27 22:10:02,294 - [adasyn.naive_bayes] - INFO - Probabilities predicted for 89841 samples
2025-09-27 22:10:04,158 - [adasyn.random_forest] - INFO - Predictions made for 89841 samples
2025-09-27 22:10:05,686 - [adasyn.random_forest] - INFO - Probabilities predicted for 89841 samples
2025-09-27 22:10:05,889 - [adasyn.xgboost] - INFO - Predictions made for 89841 samples
2025-09-27 22:10:06,007 - [adasyn.xgboost] - INFO - Probabilities predicted for 89841 samples
2025-09-27 22:10:07,002 - [adasyn.lightgbm] - INFO - Predictions made for 89841 samples
2025-09-27 22:10:07,845 - [adasyn.lightgbm] - INFO - Probabilities predicted for 89841 samples
2025-09-27 22:10:10,032 - [random_undersampling.sgd_classifier] - INFO - DiabetesSGDClassifier initialized with parameters:
2025-09-27 22:10:10,033 - [random_undersampling.sgd_classifier] - INFO -   loss: log_loss
2025-09-27 22:10:10,034 - [random_undersampling.sgd_classifier] - INFO -   penalty: l2
2025-09-27 22:10:10,034 - [random_undersampling.sgd_classifier] - INFO -   alpha: 0.0001
2025-09-27 22:10:10,036 - [random_undersampling.sgd_classifier] - INFO -   learning_rate: constant
2025-09-27 22:10:10,037 - [random_undersampling.sgd_classifier] - INFO -   eta0: 0.01
2025-09-27 22:10:10,037 - [random_undersampling.sgd_classifier] - INFO -   max_iter: 1000
2025-09-27 22:10:10,038 - [random_undersampling.sgd_classifier] - INFO -   random_state: 42
2025-09-27 22:10:10,040 - [random_undersampling.logistic_regression] - INFO - DiabetesLogisticRegression initialized with parameters:
2025-09-27 22:10:10,042 - [random_undersampling.logistic_regression] - INFO -   C: 1.0
2025-09-27 22:10:10,043 - [random_undersampling.logistic_regression] - INFO -   penalty: l2
2025-09-27 22:10:10,044 - [random_undersampling.logistic_regression] - INFO -   class_weight: None
2025-09-27 22:10:10,044 - [random_undersampling.logistic_regression] - INFO -   solver: saga
2025-09-27 22:10:10,045 - [random_undersampling.logistic_regression] - INFO -   max_iter: 10000
2025-09-27 22:10:10,046 - [random_undersampling.logistic_regression] - INFO -   random_state: 42
2025-09-27 22:10:10,047 - [random_undersampling.naive_bayes] - INFO - DiabetesNaiveBayes (Gaussian) initialized with parameters:
2025-09-27 22:10:10,048 - [random_undersampling.naive_bayes] - INFO -   nb_type: gaussian
2025-09-27 22:10:10,049 - [random_undersampling.naive_bayes] - INFO -   var_smoothing: 1e-09
2025-09-27 22:10:10,050 - [random_undersampling.random_forest] - INFO - DiabetesRandomForest initialized with parameters:
2025-09-27 22:10:10,050 - [random_undersampling.random_forest] - INFO -   n_estimators: 100
2025-09-27 22:10:10,051 - [random_undersampling.random_forest] - INFO -   max_depth: 25
2025-09-27 22:10:10,052 - [random_undersampling.random_forest] - INFO -   min_samples_split: 5
2025-09-27 22:10:10,052 - [random_undersampling.random_forest] - INFO -   min_samples_leaf: 5
2025-09-27 22:10:10,053 - [random_undersampling.random_forest] - INFO -   max_features: sqrt
2025-09-27 22:10:10,053 - [random_undersampling.random_forest] - INFO -   class_weight: balanced
2025-09-27 22:10:10,054 - [random_undersampling.random_forest] - INFO -   random_state: 42
2025-09-27 22:10:10,056 - [random_undersampling.xgboost] - INFO - DiabetesXGBoostClassifier initialized with parameters:
2025-09-27 22:10:10,057 - [random_undersampling.xgboost] - INFO -  n_estimators: 100
2025-09-27 22:10:10,057 - [random_undersampling.xgboost] - INFO -  max_depth: 6
2025-09-27 22:10:10,059 - [random_undersampling.xgboost] - INFO -  learning_rate: 0.1
2025-09-27 22:10:10,059 - [random_undersampling.xgboost] - INFO -  subsample: 1.0
2025-09-27 22:10:10,060 - [random_undersampling.xgboost] - INFO -  colsample_bytree: 1.0
2025-09-27 22:10:10,061 - [random_undersampling.xgboost] - INFO -  random_state: 42
2025-09-27 22:10:10,062 - [random_undersampling.lightgbm] - INFO - DiabetesLightGBMClassifier initialized with parameters:
2025-09-27 22:10:10,063 - [random_undersampling.lightgbm] - INFO -  n_estimators: 100
2025-09-27 22:10:10,063 - [random_undersampling.lightgbm] - INFO -  max_depth: -1
2025-09-27 22:10:10,063 - [random_undersampling.lightgbm] - INFO -  learning_rate: 0.1
2025-09-27 22:10:10,064 - [random_undersampling.lightgbm] - INFO -  num_leaves: 31
2025-09-27 22:10:10,064 - [random_undersampling.lightgbm] - INFO -  subsample: 1.0
2025-09-27 22:10:10,065 - [random_undersampling.lightgbm] - INFO -  colsample_bytree: 1.0
2025-09-27 22:10:10,065 - [random_undersampling.lightgbm] - INFO -  random_state: 42
2025-09-27 22:10:10,066 - [random_undersampling.sgd_classifier] - INFO - Starting SGD Classifier model training...
2025-09-27 22:10:10,913 - [random_undersampling.sgd_classifier] - INFO - Model training completed. Training samples: 225948
2025-09-27 22:10:10,914 - [random_undersampling.sgd_classifier] - INFO - Number of iterations: 7
2025-09-27 22:10:10,925 - [random_undersampling.sgd_classifier] - INFO - Predictions made for 89841 samples
2025-09-27 22:10:10,977 - [random_undersampling.sgd_classifier] - INFO - Model Evaluation Results:
2025-09-27 22:10:10,978 - [random_undersampling.sgd_classifier] - INFO - Accuracy: 0.8079
2025-09-27 22:10:10,978 - [random_undersampling.sgd_classifier] - INFO - Precision: 0.4678
2025-09-27 22:10:10,979 - [random_undersampling.sgd_classifier] - INFO - Recall: 0.4872
2025-09-27 22:10:10,980 - [random_undersampling.sgd_classifier] - INFO - F1-Score: 0.4772
2025-09-27 22:10:11,035 - [random_undersampling.sgd_classifier] - INFO - Classification Report:
              precision    recall  f1-score   support

         0.0       0.88      0.89      0.89     70854
         1.0       0.00      0.00      0.00      2397
         2.0       0.52      0.57      0.55     16590

    accuracy                           0.81     89841
   macro avg       0.47      0.49      0.48     89841
weighted avg       0.79      0.81      0.80     89841

2025-09-27 22:10:11,118 - [random_undersampling.sgd_classifier] - INFO - Confusion Matrix:
[[63109     0  7745]
 [ 1539     0   858]
 [ 7117     0  9473]]
2025-09-27 22:10:11,137 - [random_undersampling.sgd_classifier] - INFO - Probabilities predicted for 89841 samples
2025-09-27 22:10:15,241 - [random_undersampling.sgd_classifier] - INFO - Cross-validation results:
2025-09-27 22:10:15,244 - [random_undersampling.sgd_classifier] - INFO - Mean accuracy: 0.7584 (+/- 0.0028)
2025-09-27 22:10:15,246 - [random_undersampling.logistic_regression] - INFO - Starting Logistic Regression model training...
2025-09-27 22:10:55,684 - [random_undersampling.logistic_regression] - INFO - Model training completed. Training samples: 225948
2025-09-27 22:10:55,696 - [random_undersampling.logistic_regression] - INFO - Predictions made for 89841 samples
2025-09-27 22:10:55,729 - [random_undersampling.logistic_regression] - INFO - Model Evaluation Results:
2025-09-27 22:10:55,730 - [random_undersampling.logistic_regression] - INFO - Accuracy: 0.8113
2025-09-27 22:10:55,733 - [random_undersampling.logistic_regression] - INFO - Precision: 0.4705
2025-09-27 22:10:55,734 - [random_undersampling.logistic_regression] - INFO - Recall: 0.4838
2025-09-27 22:10:55,735 - [random_undersampling.logistic_regression] - INFO - F1-Score: 0.4770
2025-09-27 22:10:55,779 - [random_undersampling.logistic_regression] - INFO - Classification Report:
              precision    recall  f1-score   support

         0.0       0.88      0.90      0.89     70854
         1.0       0.00      0.00      0.00      2397
         2.0       0.54      0.55      0.54     16590

    accuracy                           0.81     89841
   macro avg       0.47      0.48      0.48     89841
weighted avg       0.79      0.81      0.80     89841

2025-09-27 22:10:55,854 - [random_undersampling.logistic_regression] - INFO - Confusion Matrix:
[[63730     0  7124]
 [ 1572     0   825]
 [ 7435     0  9155]]
2025-09-27 22:10:55,879 - [random_undersampling.logistic_regression] - INFO - Probabilities predicted for 89841 samples
2025-09-27 22:13:27,825 - [random_undersampling.logistic_regression] - INFO - Cross-validation results:
2025-09-27 22:13:27,826 - [random_undersampling.logistic_regression] - INFO - Mean accuracy: 0.7598 (+/- 0.0036)
2025-09-27 22:13:27,828 - [random_undersampling.naive_bayes] - INFO - Starting Gaussian Naive Bayes model training...
2025-09-27 22:13:27,944 - [random_undersampling.naive_bayes] - INFO - Model training completed. Training samples: 225948
2025-09-27 22:13:27,945 - [random_undersampling.naive_bayes] - INFO - Number of classes: 3
2025-09-27 22:13:27,949 - [random_undersampling.naive_bayes] - INFO - Classes: [0. 1. 2.]
2025-09-27 22:13:28,015 - [random_undersampling.naive_bayes] - INFO - Predictions made for 89841 samples
2025-09-27 22:13:28,049 - [random_undersampling.naive_bayes] - INFO - Model Evaluation Results:
2025-09-27 22:13:28,050 - [random_undersampling.naive_bayes] - INFO - Accuracy: 0.7429
2025-09-27 22:13:28,051 - [random_undersampling.naive_bayes] - INFO - Precision: 0.4699
2025-09-27 22:13:28,052 - [random_undersampling.naive_bayes] - INFO - Recall: 0.5060
2025-09-27 22:13:28,053 - [random_undersampling.naive_bayes] - INFO - F1-Score: 0.4811
2025-09-27 22:13:28,092 - [random_undersampling.naive_bayes] - INFO - Classification Report:
              precision    recall  f1-score   support

         0.0       0.89      0.79      0.84     70854
         1.0       0.09      0.10      0.09      2397
         2.0       0.43      0.62      0.51     16590

    accuracy                           0.74     89841
   macro avg       0.47      0.51      0.48     89841
weighted avg       0.78      0.74      0.76     89841

2025-09-27 22:13:28,127 - [random_undersampling.naive_bayes] - INFO - Confusion Matrix:
[[56156  2072 12626]
 [ 1250   245   902]
 [ 5766   484 10340]]
2025-09-27 22:13:28,177 - [random_undersampling.naive_bayes] - INFO - Probabilities predicted for 89841 samples
2025-09-27 22:13:28,722 - [random_undersampling.naive_bayes] - INFO - Cross-validation results:
2025-09-27 22:13:28,723 - [random_undersampling.naive_bayes] - INFO - Mean accuracy: 0.7119 (+/- 0.0028)
2025-09-27 22:13:28,723 - [random_undersampling.random_forest] - INFO - Starting Random Forest model training...
2025-09-27 22:13:49,703 - [random_undersampling.random_forest] - INFO - Model training completed. Training samples: 225948
2025-09-27 22:13:49,703 - [random_undersampling.random_forest] - INFO - Number of trees: 100
2025-09-27 22:13:51,156 - [random_undersampling.random_forest] - INFO - Predictions made for 89841 samples
2025-09-27 22:13:51,189 - [random_undersampling.random_forest] - INFO - Model Evaluation Results:
2025-09-27 22:13:51,190 - [random_undersampling.random_forest] - INFO - Accuracy: 0.8277
2025-09-27 22:13:51,191 - [random_undersampling.random_forest] - INFO - Precision: 0.5920
2025-09-27 22:13:51,191 - [random_undersampling.random_forest] - INFO - Recall: 0.6821
2025-09-27 22:13:51,192 - [random_undersampling.random_forest] - INFO - F1-Score: 0.6235
2025-09-27 22:13:51,227 - [random_undersampling.random_forest] - INFO - Classification Report:
              precision    recall  f1-score   support

         0.0       0.96      0.84      0.89     70854
         1.0       0.23      0.36      0.29      2397
         2.0       0.59      0.84      0.69     16590

    accuracy                           0.83     89841
   macro avg       0.59      0.68      0.62     89841
weighted avg       0.87      0.83      0.84     89841

2025-09-27 22:13:51,265 - [random_undersampling.random_forest] - INFO - Confusion Matrix:
[[59515  2276  9063]
 [  731   873   793]
 [ 2044   577 13969]]
2025-09-27 22:13:52,744 - [random_undersampling.random_forest] - INFO - Probabilities predicted for 89841 samples
2025-09-27 22:15:19,249 - [random_undersampling.random_forest] - INFO - Cross-validation results:
2025-09-27 22:15:19,249 - [random_undersampling.random_forest] - INFO - Mean accuracy: 0.8200 (+/- 0.0016)
2025-09-27 22:15:19,250 - [random_undersampling.xgboost] - INFO - Starting XGBoost model training...
2025-09-27 22:15:23,176 - [random_undersampling.xgboost] - INFO - Model training completed. Training samples: 225948
2025-09-27 22:15:23,323 - [random_undersampling.xgboost] - INFO - Predictions made for 89841 samples
2025-09-27 22:15:23,369 - [random_undersampling.xgboost] - INFO - Model Evaluation Results:
2025-09-27 22:15:23,370 - [random_undersampling.xgboost] - INFO - Accuracy: 0.8930
2025-09-27 22:15:23,371 - [random_undersampling.xgboost] - INFO - Precision: 0.8858
2025-09-27 22:15:23,371 - [random_undersampling.xgboost] - INFO - Recall: 0.6460
2025-09-27 22:15:23,372 - [random_undersampling.xgboost] - INFO - F1-Score: 0.6899
2025-09-27 22:15:23,407 - [random_undersampling.xgboost] - INFO - Classification Report:
              precision    recall  f1-score   support

         0.0       0.93      0.95      0.94     70854
         1.0       0.99      0.24      0.38      2397
         2.0       0.74      0.75      0.75     16590

    accuracy                           0.89     89841
   macro avg       0.89      0.65      0.69     89841
weighted avg       0.89      0.89      0.89     89841

2025-09-27 22:15:23,452 - [random_undersampling.xgboost] - INFO - Confusion Matrix:
[[67204     5  3645]
 [ 1198   573   626]
 [ 4136     3 12451]]
2025-09-27 22:15:23,582 - [random_undersampling.xgboost] - INFO - Probabilities predicted for 89841 samples
2025-09-27 22:15:40,015 - [random_undersampling.xgboost] - INFO - Cross-validation results:
2025-09-27 22:15:40,016 - [random_undersampling.xgboost] - INFO - Mean accuracy: 0.8605 (+/- 0.0024)
2025-09-27 22:15:40,018 - [random_undersampling.lightgbm] - INFO - Starting LightGBM model training...
2025-09-27 22:15:44,011 - [random_undersampling.lightgbm] - INFO - Model training completed. Training samples: 225948
2025-09-27 22:15:44,727 - [random_undersampling.lightgbm] - INFO - Predictions made for 89841 samples
2025-09-27 22:15:44,767 - [random_undersampling.lightgbm] - INFO - Model Evaluation Results:
2025-09-27 22:15:44,768 - [random_undersampling.lightgbm] - INFO - Accuracy: 0.8934
2025-09-27 22:15:44,768 - [random_undersampling.lightgbm] - INFO - Precision: 0.8771
2025-09-27 22:15:44,769 - [random_undersampling.lightgbm] - INFO - Recall: 0.6493
2025-09-27 22:15:44,771 - [random_undersampling.lightgbm] - INFO - F1-Score: 0.6929
2025-09-27 22:15:44,813 - [random_undersampling.lightgbm] - INFO - Classification Report:
              precision    recall  f1-score   support

         0.0       0.93      0.95      0.94     70854
         1.0       0.96      0.25      0.39      2397
         2.0       0.74      0.75      0.75     16590

    accuracy                           0.89     89841
   macro avg       0.88      0.65      0.69     89841
weighted avg       0.89      0.89      0.89     89841

2025-09-27 22:15:44,855 - [random_undersampling.lightgbm] - INFO - Confusion Matrix:
[[67174    16  3664]
 [ 1185   591   621]
 [ 4083     9 12498]]
2025-09-27 22:15:45,519 - [random_undersampling.lightgbm] - INFO - Probabilities predicted for 89841 samples
2025-09-27 22:16:02,941 - [random_undersampling.lightgbm] - INFO - Cross-validation results:
2025-09-27 22:16:02,942 - [random_undersampling.lightgbm] - INFO - Mean accuracy: 0.8615 (+/- 0.0029)
2025-09-27 22:16:02,968 - [random_undersampling.sgd_classifier] - INFO - Predictions made for 89841 samples
2025-09-27 22:16:03,020 - [random_undersampling.sgd_classifier] - INFO - Probabilities predicted for 89841 samples
2025-09-27 22:16:03,340 - [random_undersampling.logistic_regression] - INFO - Predictions made for 89841 samples
2025-09-27 22:16:03,364 - [random_undersampling.logistic_regression] - INFO - Probabilities predicted for 89841 samples
2025-09-27 22:16:03,590 - [random_undersampling.naive_bayes] - INFO - Predictions made for 89841 samples
2025-09-27 22:16:03,645 - [random_undersampling.naive_bayes] - INFO - Probabilities predicted for 89841 samples
2025-09-27 22:16:05,306 - [random_undersampling.random_forest] - INFO - Predictions made for 89841 samples
2025-09-27 22:16:06,687 - [random_undersampling.random_forest] - INFO - Probabilities predicted for 89841 samples
2025-09-27 22:16:06,895 - [random_undersampling.xgboost] - INFO - Predictions made for 89841 samples
2025-09-27 22:16:07,005 - [random_undersampling.xgboost] - INFO - Probabilities predicted for 89841 samples
2025-09-27 22:16:07,824 - [random_undersampling.lightgbm] - INFO - Predictions made for 89841 samples
2025-09-27 22:16:08,510 - [random_undersampling.lightgbm] - INFO - Probabilities predicted for 89841 samples
2025-09-27 22:16:10,560 - [tomek_links.sgd_classifier] - INFO - DiabetesSGDClassifier initialized with parameters:
2025-09-27 22:16:10,560 - [tomek_links.sgd_classifier] - INFO -   loss: log_loss
2025-09-27 22:16:10,561 - [tomek_links.sgd_classifier] - INFO -   penalty: l2
2025-09-27 22:16:10,562 - [tomek_links.sgd_classifier] - INFO -   alpha: 0.0001
2025-09-27 22:16:10,562 - [tomek_links.sgd_classifier] - INFO -   learning_rate: constant
2025-09-27 22:16:10,563 - [tomek_links.sgd_classifier] - INFO -   eta0: 0.01
2025-09-27 22:16:10,564 - [tomek_links.sgd_classifier] - INFO -   max_iter: 1000
2025-09-27 22:16:10,565 - [tomek_links.sgd_classifier] - INFO -   random_state: 42
2025-09-27 22:16:10,567 - [tomek_links.logistic_regression] - INFO - DiabetesLogisticRegression initialized with parameters:
2025-09-27 22:16:10,567 - [tomek_links.logistic_regression] - INFO -   C: 1.0
2025-09-27 22:16:10,568 - [tomek_links.logistic_regression] - INFO -   penalty: l2
2025-09-27 22:16:10,568 - [tomek_links.logistic_regression] - INFO -   class_weight: None
2025-09-27 22:16:10,569 - [tomek_links.logistic_regression] - INFO -   solver: saga
2025-09-27 22:16:10,569 - [tomek_links.logistic_regression] - INFO -   max_iter: 10000
2025-09-27 22:16:10,570 - [tomek_links.logistic_regression] - INFO -   random_state: 42
2025-09-27 22:16:10,571 - [tomek_links.naive_bayes] - INFO - DiabetesNaiveBayes (Gaussian) initialized with parameters:
2025-09-27 22:16:10,572 - [tomek_links.naive_bayes] - INFO -   nb_type: gaussian
2025-09-27 22:16:10,572 - [tomek_links.naive_bayes] - INFO -   var_smoothing: 1e-09
2025-09-27 22:16:10,573 - [tomek_links.random_forest] - INFO - DiabetesRandomForest initialized with parameters:
2025-09-27 22:16:10,574 - [tomek_links.random_forest] - INFO -   n_estimators: 100
2025-09-27 22:16:10,575 - [tomek_links.random_forest] - INFO -   max_depth: 25
2025-09-27 22:16:10,575 - [tomek_links.random_forest] - INFO -   min_samples_split: 5
2025-09-27 22:16:10,576 - [tomek_links.random_forest] - INFO -   min_samples_leaf: 5
2025-09-27 22:16:10,577 - [tomek_links.random_forest] - INFO -   max_features: sqrt
2025-09-27 22:16:10,577 - [tomek_links.random_forest] - INFO -   class_weight: balanced
2025-09-27 22:16:10,579 - [tomek_links.random_forest] - INFO -   random_state: 42
2025-09-27 22:16:10,581 - [tomek_links.xgboost] - INFO - DiabetesXGBoostClassifier initialized with parameters:
2025-09-27 22:16:10,583 - [tomek_links.xgboost] - INFO -  n_estimators: 100
2025-09-27 22:16:10,584 - [tomek_links.xgboost] - INFO -  max_depth: 6
2025-09-27 22:16:10,585 - [tomek_links.xgboost] - INFO -  learning_rate: 0.1
2025-09-27 22:16:10,586 - [tomek_links.xgboost] - INFO -  subsample: 1.0
2025-09-27 22:16:10,587 - [tomek_links.xgboost] - INFO -  colsample_bytree: 1.0
2025-09-27 22:16:10,588 - [tomek_links.xgboost] - INFO -  random_state: 42
2025-09-27 22:16:10,589 - [tomek_links.lightgbm] - INFO - DiabetesLightGBMClassifier initialized with parameters:
2025-09-27 22:16:10,590 - [tomek_links.lightgbm] - INFO -  n_estimators: 100
2025-09-27 22:16:10,590 - [tomek_links.lightgbm] - INFO -  max_depth: -1
2025-09-27 22:16:10,591 - [tomek_links.lightgbm] - INFO -  learning_rate: 0.1
2025-09-27 22:16:10,592 - [tomek_links.lightgbm] - INFO -  num_leaves: 31
2025-09-27 22:16:10,592 - [tomek_links.lightgbm] - INFO -  subsample: 1.0
2025-09-27 22:16:10,593 - [tomek_links.lightgbm] - INFO -  colsample_bytree: 1.0
2025-09-27 22:16:10,593 - [tomek_links.lightgbm] - INFO -  random_state: 42
2025-09-27 22:16:10,594 - [tomek_links.sgd_classifier] - INFO - Starting SGD Classifier model training...
2025-09-27 22:16:11,934 - [tomek_links.sgd_classifier] - INFO - Model training completed. Training samples: 341544
2025-09-27 22:16:11,935 - [tomek_links.sgd_classifier] - INFO - Number of iterations: 7
2025-09-27 22:16:11,951 - [tomek_links.sgd_classifier] - INFO - Predictions made for 89841 samples
2025-09-27 22:16:11,995 - [tomek_links.sgd_classifier] - INFO - Model Evaluation Results:
2025-09-27 22:16:11,997 - [tomek_links.sgd_classifier] - INFO - Accuracy: 0.8323
2025-09-27 22:16:12,000 - [tomek_links.sgd_classifier] - INFO - Precision: 0.5057
2025-09-27 22:16:12,002 - [tomek_links.sgd_classifier] - INFO - Recall: 0.4567
2025-09-27 22:16:12,005 - [tomek_links.sgd_classifier] - INFO - F1-Score: 0.4703
2025-09-27 22:16:12,064 - [tomek_links.sgd_classifier] - INFO - Classification Report:
              precision    recall  f1-score   support

         0.0       0.85      0.96      0.90     70854
         1.0       0.00      0.00      0.00      2397
         2.0       0.66      0.41      0.51     16590

    accuracy                           0.83     89841
   macro avg       0.51      0.46      0.47     89841
weighted avg       0.80      0.83      0.81     89841

2025-09-27 22:16:12,178 - [tomek_links.sgd_classifier] - INFO - Confusion Matrix:
[[67960     0  2894]
 [ 1827     0   570]
 [ 9774     0  6816]]
2025-09-27 22:16:12,204 - [tomek_links.sgd_classifier] - INFO - Probabilities predicted for 89841 samples
2025-09-27 22:16:17,781 - [tomek_links.sgd_classifier] - INFO - Cross-validation results:
2025-09-27 22:16:17,783 - [tomek_links.sgd_classifier] - INFO - Mean accuracy: 0.8509 (+/- 0.0042)
2025-09-27 22:16:17,784 - [tomek_links.logistic_regression] - INFO - Starting Logistic Regression model training...
2025-09-27 22:17:15,046 - [tomek_links.logistic_regression] - INFO - Model training completed. Training samples: 341544
2025-09-27 22:17:15,061 - [tomek_links.logistic_regression] - INFO - Predictions made for 89841 samples
2025-09-27 22:17:15,135 - [tomek_links.logistic_regression] - INFO - Model Evaluation Results:
2025-09-27 22:17:15,139 - [tomek_links.logistic_regression] - INFO - Accuracy: 0.8366
2025-09-27 22:17:15,141 - [tomek_links.logistic_regression] - INFO - Precision: 0.5237
2025-09-27 22:17:15,142 - [tomek_links.logistic_regression] - INFO - Recall: 0.4488
2025-09-27 22:17:15,143 - [tomek_links.logistic_regression] - INFO - F1-Score: 0.4662
2025-09-27 22:17:15,204 - [tomek_links.logistic_regression] - INFO - Classification Report:
              precision    recall  f1-score   support

         0.0       0.85      0.97      0.91     70854
         1.0       0.00      0.00      0.00      2397
         2.0       0.72      0.37      0.49     16590

    accuracy                           0.84     89841
   macro avg       0.52      0.45      0.47     89841
weighted avg       0.80      0.84      0.81     89841

2025-09-27 22:17:15,272 - [tomek_links.logistic_regression] - INFO - Confusion Matrix:
[[68977     0  1877]
 [ 1899     0   498]
 [10405     0  6185]]
2025-09-27 22:17:15,302 - [tomek_links.logistic_regression] - INFO - Probabilities predicted for 89841 samples
2025-09-27 22:21:06,274 - [tomek_links.logistic_regression] - INFO - Cross-validation results:
2025-09-27 22:21:06,275 - [tomek_links.logistic_regression] - INFO - Mean accuracy: 0.8524 (+/- 0.0018)
2025-09-27 22:21:06,277 - [tomek_links.naive_bayes] - INFO - Starting Gaussian Naive Bayes model training...
2025-09-27 22:21:06,449 - [tomek_links.naive_bayes] - INFO - Model training completed. Training samples: 341544
2025-09-27 22:21:06,450 - [tomek_links.naive_bayes] - INFO - Number of classes: 3
2025-09-27 22:21:06,451 - [tomek_links.naive_bayes] - INFO - Classes: [0. 1. 2.]
2025-09-27 22:21:06,494 - [tomek_links.naive_bayes] - INFO - Predictions made for 89841 samples
2025-09-27 22:21:06,527 - [tomek_links.naive_bayes] - INFO - Model Evaluation Results:
2025-09-27 22:21:06,528 - [tomek_links.naive_bayes] - INFO - Accuracy: 0.7521
2025-09-27 22:21:06,529 - [tomek_links.naive_bayes] - INFO - Precision: 0.4728
2025-09-27 22:21:06,530 - [tomek_links.naive_bayes] - INFO - Recall: 0.5011
2025-09-27 22:21:06,532 - [tomek_links.naive_bayes] - INFO - F1-Score: 0.4828
2025-09-27 22:21:06,565 - [tomek_links.naive_bayes] - INFO - Classification Report:
              precision    recall  f1-score   support

         0.0       0.88      0.81      0.85     70854
         1.0       0.09      0.10      0.09      2397
         2.0       0.44      0.59      0.51     16590

    accuracy                           0.75     89841
   macro avg       0.47      0.50      0.48     89841
weighted avg       0.78      0.75      0.76     89841

2025-09-27 22:21:06,600 - [tomek_links.naive_bayes] - INFO - Confusion Matrix:
[[57488  1869 11497]
 [ 1309   236   852]
 [ 6249   493  9848]]
2025-09-27 22:21:06,649 - [tomek_links.naive_bayes] - INFO - Probabilities predicted for 89841 samples
2025-09-27 22:21:07,509 - [tomek_links.naive_bayes] - INFO - Cross-validation results:
2025-09-27 22:21:07,510 - [tomek_links.naive_bayes] - INFO - Mean accuracy: 0.7631 (+/- 0.0020)
2025-09-27 22:21:07,510 - [tomek_links.random_forest] - INFO - Starting Random Forest model training...
2025-09-27 22:21:44,484 - [tomek_links.random_forest] - INFO - Model training completed. Training samples: 341544
2025-09-27 22:21:44,484 - [tomek_links.random_forest] - INFO - Number of trees: 100
2025-09-27 22:21:45,999 - [tomek_links.random_forest] - INFO - Predictions made for 89841 samples
2025-09-27 22:21:46,029 - [tomek_links.random_forest] - INFO - Model Evaluation Results:
2025-09-27 22:21:46,029 - [tomek_links.random_forest] - INFO - Accuracy: 0.8409
2025-09-27 22:21:46,030 - [tomek_links.random_forest] - INFO - Precision: 0.5988
2025-09-27 22:21:46,031 - [tomek_links.random_forest] - INFO - Recall: 0.6751
2025-09-27 22:21:46,032 - [tomek_links.random_forest] - INFO - F1-Score: 0.6275
2025-09-27 22:21:46,064 - [tomek_links.random_forest] - INFO - Classification Report:
              precision    recall  f1-score   support

         0.0       0.95      0.87      0.90     70854
         1.0       0.22      0.35      0.27      2397
         2.0       0.63      0.81      0.71     16590

    accuracy                           0.84     89841
   macro avg       0.60      0.68      0.63     89841
weighted avg       0.87      0.84      0.85     89841

2025-09-27 22:21:46,097 - [tomek_links.random_forest] - INFO - Confusion Matrix:
[[61307  2287  7260]
 [  844   845   708]
 [ 2502   691 13397]]
2025-09-27 22:21:47,590 - [tomek_links.random_forest] - INFO - Probabilities predicted for 89841 samples
2025-09-27 22:24:09,372 - [tomek_links.random_forest] - INFO - Cross-validation results:
2025-09-27 22:24:09,373 - [tomek_links.random_forest] - INFO - Mean accuracy: 0.8584 (+/- 0.0049)
2025-09-27 22:24:09,373 - [tomek_links.xgboost] - INFO - Starting XGBoost model training...
2025-09-27 22:24:15,441 - [tomek_links.xgboost] - INFO - Model training completed. Training samples: 341544
2025-09-27 22:24:15,598 - [tomek_links.xgboost] - INFO - Predictions made for 89841 samples
2025-09-27 22:24:15,645 - [tomek_links.xgboost] - INFO - Model Evaluation Results:
2025-09-27 22:24:15,646 - [tomek_links.xgboost] - INFO - Accuracy: 0.9012
2025-09-27 22:24:15,646 - [tomek_links.xgboost] - INFO - Precision: 0.9300
2025-09-27 22:24:15,647 - [tomek_links.xgboost] - INFO - Recall: 0.6161
2025-09-27 22:24:15,647 - [tomek_links.xgboost] - INFO - F1-Score: 0.6869
2025-09-27 22:24:15,684 - [tomek_links.xgboost] - INFO - Classification Report:
              precision    recall  f1-score   support

         0.0       0.90      0.99      0.94     70854
         1.0       0.99      0.24      0.38      2397
         2.0       0.90      0.62      0.73     16590

    accuracy                           0.90     89841
   macro avg       0.93      0.62      0.69     89841
weighted avg       0.90      0.90      0.89     89841

2025-09-27 22:24:15,731 - [tomek_links.xgboost] - INFO - Confusion Matrix:
[[70081     0   773]
 [ 1397   570   430]
 [ 6276     4 10310]]
2025-09-27 22:24:15,866 - [tomek_links.xgboost] - INFO - Probabilities predicted for 89841 samples
2025-09-27 22:24:39,035 - [tomek_links.xgboost] - INFO - Cross-validation results:
2025-09-27 22:24:39,036 - [tomek_links.xgboost] - INFO - Mean accuracy: 0.9158 (+/- 0.0024)
2025-09-27 22:24:39,037 - [tomek_links.lightgbm] - INFO - Starting LightGBM model training...
2025-09-27 22:24:44,929 - [tomek_links.lightgbm] - INFO - Model training completed. Training samples: 341544
2025-09-27 22:24:45,619 - [tomek_links.lightgbm] - INFO - Predictions made for 89841 samples
2025-09-27 22:24:45,655 - [tomek_links.lightgbm] - INFO - Model Evaluation Results:
2025-09-27 22:24:45,656 - [tomek_links.lightgbm] - INFO - Accuracy: 0.9011
2025-09-27 22:24:45,657 - [tomek_links.lightgbm] - INFO - Precision: 0.9180
2025-09-27 22:24:45,658 - [tomek_links.lightgbm] - INFO - Recall: 0.6218
2025-09-27 22:24:45,659 - [tomek_links.lightgbm] - INFO - F1-Score: 0.6900
2025-09-27 22:24:45,700 - [tomek_links.lightgbm] - INFO - Classification Report:
              precision    recall  f1-score   support

         0.0       0.90      0.99      0.94     70854
         1.0       0.97      0.24      0.39      2397
         2.0       0.88      0.64      0.74     16590

    accuracy                           0.90     89841
   macro avg       0.92      0.62      0.69     89841
weighted avg       0.90      0.90      0.89     89841

2025-09-27 22:24:45,741 - [tomek_links.lightgbm] - INFO - Confusion Matrix:
[[69804     3  1047]
 [ 1370   583   444]
 [ 6010    13 10567]]
2025-09-27 22:24:46,449 - [tomek_links.lightgbm] - INFO - Probabilities predicted for 89841 samples
2025-09-27 22:25:12,355 - [tomek_links.lightgbm] - INFO - Cross-validation results:
2025-09-27 22:25:12,356 - [tomek_links.lightgbm] - INFO - Mean accuracy: 0.9162 (+/- 0.0026)
2025-09-27 22:25:12,380 - [tomek_links.sgd_classifier] - INFO - Predictions made for 89841 samples
2025-09-27 22:25:12,406 - [tomek_links.sgd_classifier] - INFO - Probabilities predicted for 89841 samples
2025-09-27 22:25:12,610 - [tomek_links.logistic_regression] - INFO - Predictions made for 89841 samples
2025-09-27 22:25:12,634 - [tomek_links.logistic_regression] - INFO - Probabilities predicted for 89841 samples
2025-09-27 22:25:12,863 - [tomek_links.naive_bayes] - INFO - Predictions made for 89841 samples
2025-09-27 22:25:12,913 - [tomek_links.naive_bayes] - INFO - Probabilities predicted for 89841 samples
2025-09-27 22:25:14,553 - [tomek_links.random_forest] - INFO - Predictions made for 89841 samples
2025-09-27 22:25:15,949 - [tomek_links.random_forest] - INFO - Probabilities predicted for 89841 samples
2025-09-27 22:25:16,212 - [tomek_links.xgboost] - INFO - Predictions made for 89841 samples
2025-09-27 22:25:16,393 - [tomek_links.xgboost] - INFO - Probabilities predicted for 89841 samples
2025-09-27 22:25:17,216 - [tomek_links.lightgbm] - INFO - Predictions made for 89841 samples
2025-09-27 22:25:17,927 - [tomek_links.lightgbm] - INFO - Probabilities predicted for 89841 samples
2025-09-27 22:25:20,039 - [edited_nearest_neighbors.sgd_classifier] - INFO - DiabetesSGDClassifier initialized with parameters:
2025-09-27 22:25:20,041 - [edited_nearest_neighbors.sgd_classifier] - INFO -   loss: log_loss
2025-09-27 22:25:20,042 - [edited_nearest_neighbors.sgd_classifier] - INFO -   penalty: l2
2025-09-27 22:25:20,043 - [edited_nearest_neighbors.sgd_classifier] - INFO -   alpha: 0.0001
2025-09-27 22:25:20,044 - [edited_nearest_neighbors.sgd_classifier] - INFO -   learning_rate: constant
2025-09-27 22:25:20,045 - [edited_nearest_neighbors.sgd_classifier] - INFO -   eta0: 0.01
2025-09-27 22:25:20,047 - [edited_nearest_neighbors.sgd_classifier] - INFO -   max_iter: 1000
2025-09-27 22:25:20,049 - [edited_nearest_neighbors.sgd_classifier] - INFO -   random_state: 42
2025-09-27 22:25:20,050 - [edited_nearest_neighbors.logistic_regression] - INFO - DiabetesLogisticRegression initialized with parameters:
2025-09-27 22:25:20,051 - [edited_nearest_neighbors.logistic_regression] - INFO -   C: 1.0
2025-09-27 22:25:20,052 - [edited_nearest_neighbors.logistic_regression] - INFO -   penalty: l2
2025-09-27 22:25:20,053 - [edited_nearest_neighbors.logistic_regression] - INFO -   class_weight: None
2025-09-27 22:25:20,054 - [edited_nearest_neighbors.logistic_regression] - INFO -   solver: saga
2025-09-27 22:25:20,054 - [edited_nearest_neighbors.logistic_regression] - INFO -   max_iter: 10000
2025-09-27 22:25:20,055 - [edited_nearest_neighbors.logistic_regression] - INFO -   random_state: 42
2025-09-27 22:25:20,057 - [edited_nearest_neighbors.naive_bayes] - INFO - DiabetesNaiveBayes (Gaussian) initialized with parameters:
2025-09-27 22:25:20,058 - [edited_nearest_neighbors.naive_bayes] - INFO -   nb_type: gaussian
2025-09-27 22:25:20,058 - [edited_nearest_neighbors.naive_bayes] - INFO -   var_smoothing: 1e-09
2025-09-27 22:25:20,060 - [edited_nearest_neighbors.random_forest] - INFO - DiabetesRandomForest initialized with parameters:
2025-09-27 22:25:20,061 - [edited_nearest_neighbors.random_forest] - INFO -   n_estimators: 100
2025-09-27 22:25:20,062 - [edited_nearest_neighbors.random_forest] - INFO -   max_depth: 25
2025-09-27 22:25:20,063 - [edited_nearest_neighbors.random_forest] - INFO -   min_samples_split: 5
2025-09-27 22:25:20,064 - [edited_nearest_neighbors.random_forest] - INFO -   min_samples_leaf: 5
2025-09-27 22:25:20,065 - [edited_nearest_neighbors.random_forest] - INFO -   max_features: sqrt
2025-09-27 22:25:20,066 - [edited_nearest_neighbors.random_forest] - INFO -   class_weight: balanced
2025-09-27 22:25:20,068 - [edited_nearest_neighbors.random_forest] - INFO -   random_state: 42
2025-09-27 22:25:20,069 - [edited_nearest_neighbors.xgboost] - INFO - DiabetesXGBoostClassifier initialized with parameters:
2025-09-27 22:25:20,070 - [edited_nearest_neighbors.xgboost] - INFO -  n_estimators: 100
2025-09-27 22:25:20,070 - [edited_nearest_neighbors.xgboost] - INFO -  max_depth: 6
2025-09-27 22:25:20,071 - [edited_nearest_neighbors.xgboost] - INFO -  learning_rate: 0.1
2025-09-27 22:25:20,072 - [edited_nearest_neighbors.xgboost] - INFO -  subsample: 1.0
2025-09-27 22:25:20,073 - [edited_nearest_neighbors.xgboost] - INFO -  colsample_bytree: 1.0
2025-09-27 22:25:20,074 - [edited_nearest_neighbors.xgboost] - INFO -  random_state: 42
2025-09-27 22:25:20,075 - [edited_nearest_neighbors.lightgbm] - INFO - DiabetesLightGBMClassifier initialized with parameters:
2025-09-27 22:25:20,076 - [edited_nearest_neighbors.lightgbm] - INFO -  n_estimators: 100
2025-09-27 22:25:20,077 - [edited_nearest_neighbors.lightgbm] - INFO -  max_depth: -1
2025-09-27 22:25:20,078 - [edited_nearest_neighbors.lightgbm] - INFO -  learning_rate: 0.1
2025-09-27 22:25:20,079 - [edited_nearest_neighbors.lightgbm] - INFO -  num_leaves: 31
2025-09-27 22:25:20,081 - [edited_nearest_neighbors.lightgbm] - INFO -  subsample: 1.0
2025-09-27 22:25:20,082 - [edited_nearest_neighbors.lightgbm] - INFO -  colsample_bytree: 1.0
2025-09-27 22:25:20,082 - [edited_nearest_neighbors.lightgbm] - INFO -  random_state: 42
2025-09-27 22:25:20,083 - [edited_nearest_neighbors.sgd_classifier] - INFO - Starting SGD Classifier model training...
2025-09-27 22:25:21,014 - [edited_nearest_neighbors.sgd_classifier] - INFO - Model training completed. Training samples: 254273
2025-09-27 22:25:21,015 - [edited_nearest_neighbors.sgd_classifier] - INFO - Number of iterations: 7
2025-09-27 22:25:21,026 - [edited_nearest_neighbors.sgd_classifier] - INFO - Predictions made for 89841 samples
2025-09-27 22:25:21,067 - [edited_nearest_neighbors.sgd_classifier] - INFO - Model Evaluation Results:
2025-09-27 22:25:21,068 - [edited_nearest_neighbors.sgd_classifier] - INFO - Accuracy: 0.8410
2025-09-27 22:25:21,069 - [edited_nearest_neighbors.sgd_classifier] - INFO - Precision: 0.5657
2025-09-27 22:25:21,070 - [edited_nearest_neighbors.sgd_classifier] - INFO - Recall: 0.4343
2025-09-27 22:25:21,070 - [edited_nearest_neighbors.sgd_classifier] - INFO - F1-Score: 0.4549
2025-09-27 22:25:21,114 - [edited_nearest_neighbors.sgd_classifier] - INFO - Classification Report:
              precision    recall  f1-score   support

         0.0       0.84      0.99      0.91     70854
         1.0       0.00      0.00      0.00      2397
         2.0       0.86      0.31      0.45     16590

    accuracy                           0.84     89841
   macro avg       0.57      0.43      0.45     89841
weighted avg       0.82      0.84      0.80     89841

2025-09-27 22:25:21,196 - [edited_nearest_neighbors.sgd_classifier] - INFO - Confusion Matrix:
[[70431     0   423]
 [ 1966     0   431]
 [11465     0  5125]]
2025-09-27 22:25:21,216 - [edited_nearest_neighbors.sgd_classifier] - INFO - Probabilities predicted for 89841 samples
2025-09-27 22:25:25,492 - [edited_nearest_neighbors.sgd_classifier] - INFO - Cross-validation results:
2025-09-27 22:25:25,495 - [edited_nearest_neighbors.sgd_classifier] - INFO - Mean accuracy: 0.9272 (+/- 0.0015)
2025-09-27 22:25:25,498 - [edited_nearest_neighbors.logistic_regression] - INFO - Starting Logistic Regression model training...
2025-09-27 22:26:08,744 - [edited_nearest_neighbors.logistic_regression] - INFO - Model training completed. Training samples: 254273
2025-09-27 22:26:08,755 - [edited_nearest_neighbors.logistic_regression] - INFO - Predictions made for 89841 samples
2025-09-27 22:26:08,784 - [edited_nearest_neighbors.logistic_regression] - INFO - Model Evaluation Results:
2025-09-27 22:26:08,785 - [edited_nearest_neighbors.logistic_regression] - INFO - Accuracy: 0.8421
2025-09-27 22:26:08,786 - [edited_nearest_neighbors.logistic_regression] - INFO - Precision: 0.5624
2025-09-27 22:26:08,787 - [edited_nearest_neighbors.logistic_regression] - INFO - Recall: 0.4375
2025-09-27 22:26:08,787 - [edited_nearest_neighbors.logistic_regression] - INFO - F1-Score: 0.4584
2025-09-27 22:26:08,819 - [edited_nearest_neighbors.logistic_regression] - INFO - Classification Report:
              precision    recall  f1-score   support

         0.0       0.84      0.99      0.91     70854
         1.0       0.00      0.00      0.00      2397
         2.0       0.85      0.32      0.46     16590

    accuracy                           0.84     89841
   macro avg       0.56      0.44      0.46     89841
weighted avg       0.82      0.84      0.80     89841

2025-09-27 22:26:08,885 - [edited_nearest_neighbors.logistic_regression] - INFO - Confusion Matrix:
[[70347     0   507]
 [ 1934     0   463]
 [11286     0  5304]]
2025-09-27 22:26:08,905 - [edited_nearest_neighbors.logistic_regression] - INFO - Probabilities predicted for 89841 samples
2025-09-27 22:28:53,849 - [edited_nearest_neighbors.logistic_regression] - INFO - Cross-validation results:
2025-09-27 22:28:53,849 - [edited_nearest_neighbors.logistic_regression] - INFO - Mean accuracy: 0.9282 (+/- 0.0016)
2025-09-27 22:28:53,850 - [edited_nearest_neighbors.naive_bayes] - INFO - Starting Gaussian Naive Bayes model training...
2025-09-27 22:28:53,970 - [edited_nearest_neighbors.naive_bayes] - INFO - Model training completed. Training samples: 254273
2025-09-27 22:28:53,971 - [edited_nearest_neighbors.naive_bayes] - INFO - Number of classes: 3
2025-09-27 22:28:53,973 - [edited_nearest_neighbors.naive_bayes] - INFO - Classes: [0. 1. 2.]
2025-09-27 22:28:54,020 - [edited_nearest_neighbors.naive_bayes] - INFO - Predictions made for 89841 samples
2025-09-27 22:28:54,053 - [edited_nearest_neighbors.naive_bayes] - INFO - Model Evaluation Results:
2025-09-27 22:28:54,054 - [edited_nearest_neighbors.naive_bayes] - INFO - Accuracy: 0.7313
2025-09-27 22:28:54,055 - [edited_nearest_neighbors.naive_bayes] - INFO - Precision: 0.4730
2025-09-27 22:28:54,056 - [edited_nearest_neighbors.naive_bayes] - INFO - Recall: 0.4892
2025-09-27 22:28:54,057 - [edited_nearest_neighbors.naive_bayes] - INFO - F1-Score: 0.4684
2025-09-27 22:28:54,090 - [edited_nearest_neighbors.naive_bayes] - INFO - Classification Report:
              precision    recall  f1-score   support

         0.0       0.88      0.81      0.84     70854
         1.0       0.05      0.18      0.08      2397
         2.0       0.49      0.48      0.48     16590

    accuracy                           0.73     89841
   macro avg       0.47      0.49      0.47     89841
weighted avg       0.79      0.73      0.76     89841

2025-09-27 22:28:54,126 - [edited_nearest_neighbors.naive_bayes] - INFO - Confusion Matrix:
[[57349  5795  7710]
 [ 1316   433   648]
 [ 6396  2273  7921]]
2025-09-27 22:28:54,173 - [edited_nearest_neighbors.naive_bayes] - INFO - Probabilities predicted for 89841 samples
2025-09-27 22:28:54,841 - [edited_nearest_neighbors.naive_bayes] - INFO - Cross-validation results:
2025-09-27 22:28:54,842 - [edited_nearest_neighbors.naive_bayes] - INFO - Mean accuracy: 0.8078 (+/- 0.0049)
2025-09-27 22:28:54,843 - [edited_nearest_neighbors.random_forest] - INFO - Starting Random Forest model training...
2025-09-27 22:29:16,655 - [edited_nearest_neighbors.random_forest] - INFO - Model training completed. Training samples: 254273
2025-09-27 22:29:16,655 - [edited_nearest_neighbors.random_forest] - INFO - Number of trees: 100
2025-09-27 22:29:18,141 - [edited_nearest_neighbors.random_forest] - INFO - Predictions made for 89841 samples
2025-09-27 22:29:18,176 - [edited_nearest_neighbors.random_forest] - INFO - Model Evaluation Results:
2025-09-27 22:29:18,176 - [edited_nearest_neighbors.random_forest] - INFO - Accuracy: 0.7972
2025-09-27 22:29:18,177 - [edited_nearest_neighbors.random_forest] - INFO - Precision: 0.6451
2025-09-27 22:29:18,178 - [edited_nearest_neighbors.random_forest] - INFO - Recall: 0.6412
2025-09-27 22:29:18,178 - [edited_nearest_neighbors.random_forest] - INFO - F1-Score: 0.5715
2025-09-27 22:29:18,218 - [edited_nearest_neighbors.random_forest] - INFO - Classification Report:
              precision    recall  f1-score   support

         0.0       0.93      0.87      0.90     70854
         1.0       0.09      0.54      0.16      2397
         2.0       0.91      0.51      0.66     16590

    accuracy                           0.80     89841
   macro avg       0.65      0.64      0.57     89841
weighted avg       0.90      0.80      0.84     89841

2025-09-27 22:29:18,256 - [edited_nearest_neighbors.random_forest] - INFO - Confusion Matrix:
[[61812  8492   550]
 [  851  1288   258]
 [ 3776  4289  8525]]
2025-09-27 22:29:19,712 - [edited_nearest_neighbors.random_forest] - INFO - Probabilities predicted for 89841 samples
2025-09-27 22:30:49,623 - [edited_nearest_neighbors.random_forest] - INFO - Cross-validation results:
2025-09-27 22:30:49,623 - [edited_nearest_neighbors.random_forest] - INFO - Mean accuracy: 0.9350 (+/- 0.0017)
2025-09-27 22:30:49,624 - [edited_nearest_neighbors.xgboost] - INFO - Starting XGBoost model training...
2025-09-27 22:30:54,203 - [edited_nearest_neighbors.xgboost] - INFO - Model training completed. Training samples: 254273
2025-09-27 22:30:54,378 - [edited_nearest_neighbors.xgboost] - INFO - Predictions made for 89841 samples
2025-09-27 22:30:54,422 - [edited_nearest_neighbors.xgboost] - INFO - Model Evaluation Results:
2025-09-27 22:30:54,423 - [edited_nearest_neighbors.xgboost] - INFO - Accuracy: 0.8963
2025-09-27 22:30:54,424 - [edited_nearest_neighbors.xgboost] - INFO - Precision: 0.8345
2025-09-27 22:30:54,425 - [edited_nearest_neighbors.xgboost] - INFO - Recall: 0.6114
2025-09-27 22:30:54,426 - [edited_nearest_neighbors.xgboost] - INFO - F1-Score: 0.6789
2025-09-27 22:30:54,461 - [edited_nearest_neighbors.xgboost] - INFO - Classification Report:
              precision    recall  f1-score   support

         0.0       0.89      1.00      0.94     70854
         1.0       0.67      0.28      0.39      2397
         2.0       0.94      0.56      0.70     16590

    accuracy                           0.90     89841
   macro avg       0.83      0.61      0.68     89841
weighted avg       0.90      0.90      0.88     89841

2025-09-27 22:30:54,508 - [edited_nearest_neighbors.xgboost] - INFO - Confusion Matrix:
[[70525    35   294]
 [ 1423   662   312]
 [ 6964   290  9336]]
2025-09-27 22:30:54,644 - [edited_nearest_neighbors.xgboost] - INFO - Probabilities predicted for 89841 samples
2025-09-27 22:31:12,833 - [edited_nearest_neighbors.xgboost] - INFO - Cross-validation results:
2025-09-27 22:31:12,834 - [edited_nearest_neighbors.xgboost] - INFO - Mean accuracy: 0.9674 (+/- 0.0005)
2025-09-27 22:31:12,835 - [edited_nearest_neighbors.lightgbm] - INFO - Starting LightGBM model training...
2025-09-27 22:31:17,086 - [edited_nearest_neighbors.lightgbm] - INFO - Model training completed. Training samples: 254273
2025-09-27 22:31:17,861 - [edited_nearest_neighbors.lightgbm] - INFO - Predictions made for 89841 samples
2025-09-27 22:31:17,902 - [edited_nearest_neighbors.lightgbm] - INFO - Model Evaluation Results:
2025-09-27 22:31:17,902 - [edited_nearest_neighbors.lightgbm] - INFO - Accuracy: 0.8960
2025-09-27 22:31:17,903 - [edited_nearest_neighbors.lightgbm] - INFO - Precision: 0.7853
2025-09-27 22:31:17,904 - [edited_nearest_neighbors.lightgbm] - INFO - Recall: 0.6222
2025-09-27 22:31:17,905 - [edited_nearest_neighbors.lightgbm] - INFO - F1-Score: 0.6784
2025-09-27 22:31:17,947 - [edited_nearest_neighbors.lightgbm] - INFO - Classification Report:
              precision    recall  f1-score   support

         0.0       0.90      0.99      0.94     70854
         1.0       0.55      0.29      0.38      2397
         2.0       0.91      0.58      0.71     16590

    accuracy                           0.90     89841
   macro avg       0.79      0.62      0.68     89841
weighted avg       0.89      0.90      0.88     89841

2025-09-27 22:31:17,989 - [edited_nearest_neighbors.lightgbm] - INFO - Confusion Matrix:
[[70098   104   652]
 [ 1378   701   318]
 [ 6412   477  9701]]
2025-09-27 22:31:18,680 - [edited_nearest_neighbors.lightgbm] - INFO - Probabilities predicted for 89841 samples
2025-09-27 22:31:38,214 - [edited_nearest_neighbors.lightgbm] - INFO - Cross-validation results:
2025-09-27 22:31:38,215 - [edited_nearest_neighbors.lightgbm] - INFO - Mean accuracy: 0.9677 (+/- 0.0005)
2025-09-27 22:31:38,232 - [edited_nearest_neighbors.sgd_classifier] - INFO - Predictions made for 89841 samples
2025-09-27 22:31:38,263 - [edited_nearest_neighbors.sgd_classifier] - INFO - Probabilities predicted for 89841 samples
2025-09-27 22:31:38,479 - [edited_nearest_neighbors.logistic_regression] - INFO - Predictions made for 89841 samples
2025-09-27 22:31:38,503 - [edited_nearest_neighbors.logistic_regression] - INFO - Probabilities predicted for 89841 samples
2025-09-27 22:31:38,740 - [edited_nearest_neighbors.naive_bayes] - INFO - Predictions made for 89841 samples
2025-09-27 22:31:38,793 - [edited_nearest_neighbors.naive_bayes] - INFO - Probabilities predicted for 89841 samples
2025-09-27 22:31:40,442 - [edited_nearest_neighbors.random_forest] - INFO - Predictions made for 89841 samples
2025-09-27 22:31:41,813 - [edited_nearest_neighbors.random_forest] - INFO - Probabilities predicted for 89841 samples
2025-09-27 22:31:42,042 - [edited_nearest_neighbors.xgboost] - INFO - Predictions made for 89841 samples
2025-09-27 22:31:42,193 - [edited_nearest_neighbors.xgboost] - INFO - Probabilities predicted for 89841 samples
2025-09-27 22:31:43,050 - [edited_nearest_neighbors.lightgbm] - INFO - Predictions made for 89841 samples
2025-09-27 22:31:43,764 - [edited_nearest_neighbors.lightgbm] - INFO - Probabilities predicted for 89841 samples
2025-09-27 22:31:45,848 - [smote_+_tomek_links.sgd_classifier] - INFO - DiabetesSGDClassifier initialized with parameters:
2025-09-27 22:31:45,849 - [smote_+_tomek_links.sgd_classifier] - INFO -   loss: log_loss
2025-09-27 22:31:45,850 - [smote_+_tomek_links.sgd_classifier] - INFO -   penalty: l2
2025-09-27 22:31:45,851 - [smote_+_tomek_links.sgd_classifier] - INFO -   alpha: 0.0001
2025-09-27 22:31:45,853 - [smote_+_tomek_links.sgd_classifier] - INFO -   learning_rate: constant
2025-09-27 22:31:45,854 - [smote_+_tomek_links.sgd_classifier] - INFO -   eta0: 0.01
2025-09-27 22:31:45,855 - [smote_+_tomek_links.sgd_classifier] - INFO -   max_iter: 1000
2025-09-27 22:31:45,856 - [smote_+_tomek_links.sgd_classifier] - INFO -   random_state: 42
2025-09-27 22:31:45,857 - [smote_+_tomek_links.logistic_regression] - INFO - DiabetesLogisticRegression initialized with parameters:
2025-09-27 22:31:45,858 - [smote_+_tomek_links.logistic_regression] - INFO -   C: 1.0
2025-09-27 22:31:45,859 - [smote_+_tomek_links.logistic_regression] - INFO -   penalty: l2
2025-09-27 22:31:45,860 - [smote_+_tomek_links.logistic_regression] - INFO -   class_weight: None
2025-09-27 22:31:45,861 - [smote_+_tomek_links.logistic_regression] - INFO -   solver: saga
2025-09-27 22:31:45,861 - [smote_+_tomek_links.logistic_regression] - INFO -   max_iter: 10000
2025-09-27 22:31:45,862 - [smote_+_tomek_links.logistic_regression] - INFO -   random_state: 42
2025-09-27 22:31:45,863 - [smote_+_tomek_links.naive_bayes] - INFO - DiabetesNaiveBayes (Gaussian) initialized with parameters:
2025-09-27 22:31:45,864 - [smote_+_tomek_links.naive_bayes] - INFO -   nb_type: gaussian
2025-09-27 22:31:45,865 - [smote_+_tomek_links.naive_bayes] - INFO -   var_smoothing: 1e-09
2025-09-27 22:31:45,866 - [smote_+_tomek_links.random_forest] - INFO - DiabetesRandomForest initialized with parameters:
2025-09-27 22:31:45,867 - [smote_+_tomek_links.random_forest] - INFO -   n_estimators: 100
2025-09-27 22:31:45,867 - [smote_+_tomek_links.random_forest] - INFO -   max_depth: 25
2025-09-27 22:31:45,868 - [smote_+_tomek_links.random_forest] - INFO -   min_samples_split: 5
2025-09-27 22:31:45,869 - [smote_+_tomek_links.random_forest] - INFO -   min_samples_leaf: 5
2025-09-27 22:31:45,871 - [smote_+_tomek_links.random_forest] - INFO -   max_features: sqrt
2025-09-27 22:31:45,872 - [smote_+_tomek_links.random_forest] - INFO -   class_weight: balanced
2025-09-27 22:31:45,873 - [smote_+_tomek_links.random_forest] - INFO -   random_state: 42
2025-09-27 22:31:45,874 - [smote_+_tomek_links.xgboost] - INFO - DiabetesXGBoostClassifier initialized with parameters:
2025-09-27 22:31:45,875 - [smote_+_tomek_links.xgboost] - INFO -  n_estimators: 100
2025-09-27 22:31:45,876 - [smote_+_tomek_links.xgboost] - INFO -  max_depth: 6
2025-09-27 22:31:45,877 - [smote_+_tomek_links.xgboost] - INFO -  learning_rate: 0.1
2025-09-27 22:31:45,878 - [smote_+_tomek_links.xgboost] - INFO -  subsample: 1.0
2025-09-27 22:31:45,878 - [smote_+_tomek_links.xgboost] - INFO -  colsample_bytree: 1.0
2025-09-27 22:31:45,880 - [smote_+_tomek_links.xgboost] - INFO -  random_state: 42
2025-09-27 22:31:45,881 - [smote_+_tomek_links.lightgbm] - INFO - DiabetesLightGBMClassifier initialized with parameters:
2025-09-27 22:31:45,881 - [smote_+_tomek_links.lightgbm] - INFO -  n_estimators: 100
2025-09-27 22:31:45,882 - [smote_+_tomek_links.lightgbm] - INFO -  max_depth: -1
2025-09-27 22:31:45,883 - [smote_+_tomek_links.lightgbm] - INFO -  learning_rate: 0.1
2025-09-27 22:31:45,883 - [smote_+_tomek_links.lightgbm] - INFO -  num_leaves: 31
2025-09-27 22:31:45,884 - [smote_+_tomek_links.lightgbm] - INFO -  subsample: 1.0
2025-09-27 22:31:45,885 - [smote_+_tomek_links.lightgbm] - INFO -  colsample_bytree: 1.0
2025-09-27 22:31:45,885 - [smote_+_tomek_links.lightgbm] - INFO -  random_state: 42
2025-09-27 22:31:45,887 - [smote_+_tomek_links.sgd_classifier] - INFO - Starting SGD Classifier model training...
2025-09-27 22:31:47,496 - [smote_+_tomek_links.sgd_classifier] - INFO - Model training completed. Training samples: 425286
2025-09-27 22:31:47,497 - [smote_+_tomek_links.sgd_classifier] - INFO - Number of iterations: 7
2025-09-27 22:31:47,510 - [smote_+_tomek_links.sgd_classifier] - INFO - Predictions made for 89841 samples
2025-09-27 22:31:47,604 - [smote_+_tomek_links.sgd_classifier] - INFO - Model Evaluation Results:
2025-09-27 22:31:47,608 - [smote_+_tomek_links.sgd_classifier] - INFO - Accuracy: 0.8266
2025-09-27 22:31:47,609 - [smote_+_tomek_links.sgd_classifier] - INFO - Precision: 0.6020
2025-09-27 22:31:47,611 - [smote_+_tomek_links.sgd_classifier] - INFO - Recall: 0.4656
2025-09-27 22:31:47,611 - [smote_+_tomek_links.sgd_classifier] - INFO - F1-Score: 0.4740
2025-09-27 22:31:47,657 - [smote_+_tomek_links.sgd_classifier] - INFO - Classification Report:
              precision    recall  f1-score   support

         0.0       0.86      0.94      0.90     70854
         1.0       0.33      0.00      0.00      2397
         2.0       0.61      0.45      0.52     16590

    accuracy                           0.83     89841
   macro avg       0.60      0.47      0.47     89841
weighted avg       0.80      0.83      0.81     89841

2025-09-27 22:31:47,713 - [smote_+_tomek_links.sgd_classifier] - INFO - Confusion Matrix:
[[66711     0  4143]
 [ 1754     1   642]
 [ 9040     2  7548]]
2025-09-27 22:31:47,731 - [smote_+_tomek_links.sgd_classifier] - INFO - Probabilities predicted for 89841 samples
2025-09-27 22:31:54,455 - [smote_+_tomek_links.sgd_classifier] - INFO - Cross-validation results:
2025-09-27 22:31:54,457 - [smote_+_tomek_links.sgd_classifier] - INFO - Mean accuracy: 0.7251 (+/- 0.0020)
2025-09-27 22:31:54,458 - [smote_+_tomek_links.logistic_regression] - INFO - Starting Logistic Regression model training...
2025-09-27 22:33:11,768 - [smote_+_tomek_links.logistic_regression] - INFO - Model training completed. Training samples: 425286
2025-09-27 22:33:11,790 - [smote_+_tomek_links.logistic_regression] - INFO - Predictions made for 89841 samples
2025-09-27 22:33:11,893 - [smote_+_tomek_links.logistic_regression] - INFO - Model Evaluation Results:
2025-09-27 22:33:11,897 - [smote_+_tomek_links.logistic_regression] - INFO - Accuracy: 0.8218
2025-09-27 22:33:11,898 - [smote_+_tomek_links.logistic_regression] - INFO - Precision: 0.5846
2025-09-27 22:33:11,903 - [smote_+_tomek_links.logistic_regression] - INFO - Recall: 0.4758
2025-09-27 22:33:11,904 - [smote_+_tomek_links.logistic_regression] - INFO - F1-Score: 0.4839
2025-09-27 22:33:11,996 - [smote_+_tomek_links.logistic_regression] - INFO - Classification Report:
              precision    recall  f1-score   support

         0.0       0.87      0.93      0.90     70854
         1.0       0.31      0.01      0.03      2397
         2.0       0.58      0.49      0.53     16590

    accuracy                           0.82     89841
   macro avg       0.58      0.48      0.48     89841
weighted avg       0.80      0.82      0.81     89841

2025-09-27 22:33:12,061 - [smote_+_tomek_links.logistic_regression] - INFO - Confusion Matrix:
[[65746    12  5096]
 [ 1672    33   692]
 [ 8471    63  8056]]
2025-09-27 22:33:12,088 - [smote_+_tomek_links.logistic_regression] - INFO - Probabilities predicted for 89841 samples
2025-09-27 22:39:01,414 - [smote_+_tomek_links.logistic_regression] - INFO - Cross-validation results:
2025-09-27 22:39:01,416 - [smote_+_tomek_links.logistic_regression] - INFO - Mean accuracy: 0.7261 (+/- 0.0011)
2025-09-27 22:39:01,422 - [smote_+_tomek_links.naive_bayes] - INFO - Starting Gaussian Naive Bayes model training...
2025-09-27 22:39:01,771 - [smote_+_tomek_links.naive_bayes] - INFO - Model training completed. Training samples: 425286
2025-09-27 22:39:01,773 - [smote_+_tomek_links.naive_bayes] - INFO - Number of classes: 3
2025-09-27 22:39:01,774 - [smote_+_tomek_links.naive_bayes] - INFO - Classes: [0. 1. 2.]
2025-09-27 22:39:01,836 - [smote_+_tomek_links.naive_bayes] - INFO - Predictions made for 89841 samples
2025-09-27 22:39:01,884 - [smote_+_tomek_links.naive_bayes] - INFO - Model Evaluation Results:
2025-09-27 22:39:01,884 - [smote_+_tomek_links.naive_bayes] - INFO - Accuracy: 0.7073
2025-09-27 22:39:01,885 - [smote_+_tomek_links.naive_bayes] - INFO - Precision: 0.4682
2025-09-27 22:39:01,887 - [smote_+_tomek_links.naive_bayes] - INFO - Recall: 0.5102
2025-09-27 22:39:01,888 - [smote_+_tomek_links.naive_bayes] - INFO - F1-Score: 0.4690
2025-09-27 22:39:01,937 - [smote_+_tomek_links.naive_bayes] - INFO - Classification Report:
              precision    recall  f1-score   support

         0.0       0.90      0.76      0.82     70854
         1.0       0.05      0.21      0.09      2397
         2.0       0.45      0.56      0.50     16590

    accuracy                           0.71     89841
   macro avg       0.47      0.51      0.47     89841
weighted avg       0.80      0.71      0.74     89841

2025-09-27 22:39:01,993 - [smote_+_tomek_links.naive_bayes] - INFO - Confusion Matrix:
[[53802  6494 10558]
 [ 1109   515   773]
 [ 4729  2630  9231]]
2025-09-27 22:39:02,060 - [smote_+_tomek_links.naive_bayes] - INFO - Probabilities predicted for 89841 samples
2025-09-27 22:39:03,659 - [smote_+_tomek_links.naive_bayes] - INFO - Cross-validation results:
2025-09-27 22:39:03,660 - [smote_+_tomek_links.naive_bayes] - INFO - Mean accuracy: 0.6512 (+/- 0.0129)
2025-09-27 22:39:03,660 - [smote_+_tomek_links.random_forest] - INFO - Starting Random Forest model training...
2025-09-27 22:40:21,010 - [smote_+_tomek_links.random_forest] - INFO - Model training completed. Training samples: 425286
2025-09-27 22:40:21,011 - [smote_+_tomek_links.random_forest] - INFO - Number of trees: 100
2025-09-27 22:40:23,032 - [smote_+_tomek_links.random_forest] - INFO - Predictions made for 89841 samples
2025-09-27 22:40:23,068 - [smote_+_tomek_links.random_forest] - INFO - Model Evaluation Results:
2025-09-27 22:40:23,069 - [smote_+_tomek_links.random_forest] - INFO - Accuracy: 0.8640
2025-09-27 22:40:23,070 - [smote_+_tomek_links.random_forest] - INFO - Precision: 0.7209
2025-09-27 22:40:23,071 - [smote_+_tomek_links.random_forest] - INFO - Recall: 0.6566
2025-09-27 22:40:23,072 - [smote_+_tomek_links.random_forest] - INFO - F1-Score: 0.6642
2025-09-27 22:40:23,110 - [smote_+_tomek_links.random_forest] - INFO - Classification Report:
              precision    recall  f1-score   support

         0.0       0.94      0.90      0.92     70854
         1.0       0.59      0.26      0.36      2397
         2.0       0.63      0.81      0.71     16590

    accuracy                           0.86     89841
   macro avg       0.72      0.66      0.66     89841
weighted avg       0.87      0.86      0.87     89841

2025-09-27 22:40:23,148 - [smote_+_tomek_links.random_forest] - INFO - Confusion Matrix:
[[63547   349  6958]
 [  980   629   788]
 [ 3052    92 13446]]
2025-09-27 22:40:25,056 - [smote_+_tomek_links.random_forest] - INFO - Probabilities predicted for 89841 samples
2025-09-27 22:46:12,644 - [smote_+_tomek_links.random_forest] - INFO - Cross-validation results:
2025-09-27 22:46:12,645 - [smote_+_tomek_links.random_forest] - INFO - Mean accuracy: 0.8575 (+/- 0.0526)
2025-09-27 22:46:12,646 - [smote_+_tomek_links.xgboost] - INFO - Starting XGBoost model training...
2025-09-27 22:46:48,604 - [smote_+_tomek_links.xgboost] - INFO - Model training completed. Training samples: 425286
2025-09-27 22:46:48,823 - [smote_+_tomek_links.xgboost] - INFO - Predictions made for 89841 samples
2025-09-27 22:46:48,860 - [smote_+_tomek_links.xgboost] - INFO - Model Evaluation Results:
2025-09-27 22:46:48,861 - [smote_+_tomek_links.xgboost] - INFO - Accuracy: 0.8998
2025-09-27 22:46:48,862 - [smote_+_tomek_links.xgboost] - INFO - Precision: 0.9087
2025-09-27 22:46:48,862 - [smote_+_tomek_links.xgboost] - INFO - Recall: 0.6251
2025-09-27 22:46:48,864 - [smote_+_tomek_links.xgboost] - INFO - F1-Score: 0.6883
2025-09-27 22:46:48,902 - [smote_+_tomek_links.xgboost] - INFO - Classification Report:
              precision    recall  f1-score   support

         0.0       0.91      0.98      0.94     70854
         1.0       0.97      0.24      0.38      2397
         2.0       0.85      0.66      0.74     16590

    accuracy                           0.90     89841
   macro avg       0.91      0.63      0.69     89841
weighted avg       0.90      0.90      0.89     89841

2025-09-27 22:46:48,960 - [smote_+_tomek_links.xgboost] - INFO - Confusion Matrix:
[[69331     0  1523]
 [ 1345   570   482]
 [ 5640    16 10934]]
2025-09-27 22:46:49,130 - [smote_+_tomek_links.xgboost] - INFO - Probabilities predicted for 89841 samples
2025-09-27 22:47:50,467 - [smote_+_tomek_links.xgboost] - INFO - Cross-validation results:
2025-09-27 22:47:50,469 - [smote_+_tomek_links.xgboost] - INFO - Mean accuracy: 0.8721 (+/- 0.0464)
2025-09-27 22:47:50,470 - [smote_+_tomek_links.lightgbm] - INFO - Starting LightGBM model training...
2025-09-27 22:48:00,316 - [smote_+_tomek_links.lightgbm] - INFO - Model training completed. Training samples: 425286
2025-09-27 22:48:01,155 - [smote_+_tomek_links.lightgbm] - INFO - Predictions made for 89841 samples
2025-09-27 22:48:01,196 - [smote_+_tomek_links.lightgbm] - INFO - Model Evaluation Results:
2025-09-27 22:48:01,197 - [smote_+_tomek_links.lightgbm] - INFO - Accuracy: 0.9009
2025-09-27 22:48:01,198 - [smote_+_tomek_links.lightgbm] - INFO - Precision: 0.9113
2025-09-27 22:48:01,200 - [smote_+_tomek_links.lightgbm] - INFO - Recall: 0.6247
2025-09-27 22:48:01,201 - [smote_+_tomek_links.lightgbm] - INFO - F1-Score: 0.6902
2025-09-27 22:48:01,240 - [smote_+_tomek_links.lightgbm] - INFO - Classification Report:
              precision    recall  f1-score   support

         0.0       0.91      0.98      0.94     70854
         1.0       0.97      0.24      0.39      2397
         2.0       0.86      0.65      0.74     16590

    accuracy                           0.90     89841
   macro avg       0.91      0.62      0.69     89841
weighted avg       0.90      0.90      0.89     89841

2025-09-27 22:48:01,284 - [smote_+_tomek_links.lightgbm] - INFO - Confusion Matrix:
[[69560     0  1294]
 [ 1359   579   459]
 [ 5773    20 10797]]
2025-09-27 22:48:02,091 - [smote_+_tomek_links.lightgbm] - INFO - Probabilities predicted for 89841 samples
2025-09-27 22:48:47,314 - [smote_+_tomek_links.lightgbm] - INFO - Cross-validation results:
2025-09-27 22:48:47,318 - [smote_+_tomek_links.lightgbm] - INFO - Mean accuracy: 0.8844 (+/- 0.0571)
2025-09-27 22:48:47,342 - [smote_+_tomek_links.sgd_classifier] - INFO - Predictions made for 89841 samples
2025-09-27 22:48:47,395 - [smote_+_tomek_links.sgd_classifier] - INFO - Probabilities predicted for 89841 samples
2025-09-27 22:48:47,652 - [smote_+_tomek_links.logistic_regression] - INFO - Predictions made for 89841 samples
2025-09-27 22:48:47,682 - [smote_+_tomek_links.logistic_regression] - INFO - Probabilities predicted for 89841 samples
2025-09-27 22:48:47,924 - [smote_+_tomek_links.naive_bayes] - INFO - Predictions made for 89841 samples
2025-09-27 22:48:47,987 - [smote_+_tomek_links.naive_bayes] - INFO - Probabilities predicted for 89841 samples
2025-09-27 22:48:50,140 - [smote_+_tomek_links.random_forest] - INFO - Predictions made for 89841 samples
2025-09-27 22:48:52,065 - [smote_+_tomek_links.random_forest] - INFO - Probabilities predicted for 89841 samples
2025-09-27 22:48:52,299 - [smote_+_tomek_links.xgboost] - INFO - Predictions made for 89841 samples
2025-09-27 22:48:52,433 - [smote_+_tomek_links.xgboost] - INFO - Probabilities predicted for 89841 samples
2025-09-27 22:48:53,424 - [smote_+_tomek_links.lightgbm] - INFO - Predictions made for 89841 samples
2025-09-27 22:48:54,311 - [smote_+_tomek_links.lightgbm] - INFO - Probabilities predicted for 89841 samples
2025-09-27 22:48:56,520 - [smote_+_enn.sgd_classifier] - INFO - DiabetesSGDClassifier initialized with parameters:
2025-09-27 22:48:56,520 - [smote_+_enn.sgd_classifier] - INFO -   loss: log_loss
2025-09-27 22:48:56,521 - [smote_+_enn.sgd_classifier] - INFO -   penalty: l2
2025-09-27 22:48:56,522 - [smote_+_enn.sgd_classifier] - INFO -   alpha: 0.0001
2025-09-27 22:48:56,523 - [smote_+_enn.sgd_classifier] - INFO -   learning_rate: constant
2025-09-27 22:48:56,523 - [smote_+_enn.sgd_classifier] - INFO -   eta0: 0.01
2025-09-27 22:48:56,524 - [smote_+_enn.sgd_classifier] - INFO -   max_iter: 1000
2025-09-27 22:48:56,525 - [smote_+_enn.sgd_classifier] - INFO -   random_state: 42
2025-09-27 22:48:56,526 - [smote_+_enn.logistic_regression] - INFO - DiabetesLogisticRegression initialized with parameters:
2025-09-27 22:48:56,527 - [smote_+_enn.logistic_regression] - INFO -   C: 1.0
2025-09-27 22:48:56,528 - [smote_+_enn.logistic_regression] - INFO -   penalty: l2
2025-09-27 22:48:56,529 - [smote_+_enn.logistic_regression] - INFO -   class_weight: None
2025-09-27 22:48:56,531 - [smote_+_enn.logistic_regression] - INFO -   solver: saga
2025-09-27 22:48:56,532 - [smote_+_enn.logistic_regression] - INFO -   max_iter: 10000
2025-09-27 22:48:56,534 - [smote_+_enn.logistic_regression] - INFO -   random_state: 42
2025-09-27 22:48:56,535 - [smote_+_enn.naive_bayes] - INFO - DiabetesNaiveBayes (Gaussian) initialized with parameters:
2025-09-27 22:48:56,536 - [smote_+_enn.naive_bayes] - INFO -   nb_type: gaussian
2025-09-27 22:48:56,537 - [smote_+_enn.naive_bayes] - INFO -   var_smoothing: 1e-09
2025-09-27 22:48:56,538 - [smote_+_enn.random_forest] - INFO - DiabetesRandomForest initialized with parameters:
2025-09-27 22:48:56,539 - [smote_+_enn.random_forest] - INFO -   n_estimators: 100
2025-09-27 22:48:56,539 - [smote_+_enn.random_forest] - INFO -   max_depth: 25
2025-09-27 22:48:56,540 - [smote_+_enn.random_forest] - INFO -   min_samples_split: 5
2025-09-27 22:48:56,542 - [smote_+_enn.random_forest] - INFO -   min_samples_leaf: 5
2025-09-27 22:48:56,542 - [smote_+_enn.random_forest] - INFO -   max_features: sqrt
2025-09-27 22:48:56,543 - [smote_+_enn.random_forest] - INFO -   class_weight: balanced
2025-09-27 22:48:56,543 - [smote_+_enn.random_forest] - INFO -   random_state: 42
2025-09-27 22:48:56,545 - [smote_+_enn.xgboost] - INFO - DiabetesXGBoostClassifier initialized with parameters:
2025-09-27 22:48:56,545 - [smote_+_enn.xgboost] - INFO -  n_estimators: 100
2025-09-27 22:48:56,546 - [smote_+_enn.xgboost] - INFO -  max_depth: 6
2025-09-27 22:48:56,547 - [smote_+_enn.xgboost] - INFO -  learning_rate: 0.1
2025-09-27 22:48:56,548 - [smote_+_enn.xgboost] - INFO -  subsample: 1.0
2025-09-27 22:48:56,549 - [smote_+_enn.xgboost] - INFO -  colsample_bytree: 1.0
2025-09-27 22:48:56,550 - [smote_+_enn.xgboost] - INFO -  random_state: 42
2025-09-27 22:48:56,552 - [smote_+_enn.lightgbm] - INFO - DiabetesLightGBMClassifier initialized with parameters:
2025-09-27 22:48:56,553 - [smote_+_enn.lightgbm] - INFO -  n_estimators: 100
2025-09-27 22:48:56,553 - [smote_+_enn.lightgbm] - INFO -  max_depth: -1
2025-09-27 22:48:56,554 - [smote_+_enn.lightgbm] - INFO -  learning_rate: 0.1
2025-09-27 22:48:56,555 - [smote_+_enn.lightgbm] - INFO -  num_leaves: 31
2025-09-27 22:48:56,555 - [smote_+_enn.lightgbm] - INFO -  subsample: 1.0
2025-09-27 22:48:56,556 - [smote_+_enn.lightgbm] - INFO -  colsample_bytree: 1.0
2025-09-27 22:48:56,557 - [smote_+_enn.lightgbm] - INFO -  random_state: 42
2025-09-27 22:48:56,558 - [smote_+_enn.sgd_classifier] - INFO - Starting SGD Classifier model training...
2025-09-27 22:48:57,740 - [smote_+_enn.sgd_classifier] - INFO - Model training completed. Training samples: 305489
2025-09-27 22:48:57,741 - [smote_+_enn.sgd_classifier] - INFO - Number of iterations: 7
2025-09-27 22:48:57,754 - [smote_+_enn.sgd_classifier] - INFO - Predictions made for 89841 samples
2025-09-27 22:48:57,801 - [smote_+_enn.sgd_classifier] - INFO - Model Evaluation Results:
2025-09-27 22:48:57,802 - [smote_+_enn.sgd_classifier] - INFO - Accuracy: 0.7926
2025-09-27 22:48:57,803 - [smote_+_enn.sgd_classifier] - INFO - Precision: 0.5532
2025-09-27 22:48:57,804 - [smote_+_enn.sgd_classifier] - INFO - Recall: 0.4683
2025-09-27 22:48:57,804 - [smote_+_enn.sgd_classifier] - INFO - F1-Score: 0.4785
2025-09-27 22:48:57,849 - [smote_+_enn.sgd_classifier] - INFO - Classification Report:
              precision    recall  f1-score   support

         0.0       0.87      0.92      0.89     70854
         1.0       0.05      0.14      0.07      2397
         2.0       0.74      0.35      0.47     16590

    accuracy                           0.79     89841
   macro avg       0.55      0.47      0.48     89841
weighted avg       0.82      0.79      0.79     89841

2025-09-27 22:48:57,932 - [smote_+_enn.sgd_classifier] - INFO - Confusion Matrix:
[[65151  4138  1565]
 [ 1661   336   400]
 [ 8281  2584  5725]]
2025-09-27 22:48:57,950 - [smote_+_enn.sgd_classifier] - INFO - Probabilities predicted for 89841 samples
2025-09-27 22:49:03,192 - [smote_+_enn.sgd_classifier] - INFO - Cross-validation results:
2025-09-27 22:49:03,193 - [smote_+_enn.sgd_classifier] - INFO - Mean accuracy: 0.7611 (+/- 0.0161)
2025-09-27 22:49:03,194 - [smote_+_enn.logistic_regression] - INFO - Starting Logistic Regression model training...
2025-09-27 22:49:55,597 - [smote_+_enn.logistic_regression] - INFO - Model training completed. Training samples: 305489
2025-09-27 22:49:55,610 - [smote_+_enn.logistic_regression] - INFO - Predictions made for 89841 samples
2025-09-27 22:49:55,651 - [smote_+_enn.logistic_regression] - INFO - Model Evaluation Results:
2025-09-27 22:49:55,653 - [smote_+_enn.logistic_regression] - INFO - Accuracy: 0.8127
2025-09-27 22:49:55,654 - [smote_+_enn.logistic_regression] - INFO - Precision: 0.5143
2025-09-27 22:49:55,656 - [smote_+_enn.logistic_regression] - INFO - Recall: 0.4843
2025-09-27 22:49:55,658 - [smote_+_enn.logistic_regression] - INFO - F1-Score: 0.4964
2025-09-27 22:49:55,702 - [smote_+_enn.logistic_regression] - INFO - Classification Report:
              precision    recall  f1-score   support

         0.0       0.87      0.92      0.89     70854
         1.0       0.08      0.06      0.07      2397
         2.0       0.59      0.47      0.53     16590

    accuracy                           0.81     89841
   macro avg       0.51      0.48      0.50     89841
weighted avg       0.80      0.81      0.80     89841

2025-09-27 22:49:55,778 - [smote_+_enn.logistic_regression] - INFO - Confusion Matrix:
[[65033  1096  4725]
 [ 1624   151   622]
 [ 8085   675  7830]]
2025-09-27 22:49:55,803 - [smote_+_enn.logistic_regression] - INFO - Probabilities predicted for 89841 samples
2025-09-27 22:53:26,580 - [smote_+_enn.logistic_regression] - INFO - Cross-validation results:
2025-09-27 22:53:26,581 - [smote_+_enn.logistic_regression] - INFO - Mean accuracy: 0.7643 (+/- 0.0186)
2025-09-27 22:53:26,581 - [smote_+_enn.naive_bayes] - INFO - Starting Gaussian Naive Bayes model training...
2025-09-27 22:53:26,737 - [smote_+_enn.naive_bayes] - INFO - Model training completed. Training samples: 305489
2025-09-27 22:53:26,738 - [smote_+_enn.naive_bayes] - INFO - Number of classes: 3
2025-09-27 22:53:26,741 - [smote_+_enn.naive_bayes] - INFO - Classes: [0. 1. 2.]
2025-09-27 22:53:26,788 - [smote_+_enn.naive_bayes] - INFO - Predictions made for 89841 samples
2025-09-27 22:53:26,821 - [smote_+_enn.naive_bayes] - INFO - Model Evaluation Results:
2025-09-27 22:53:26,822 - [smote_+_enn.naive_bayes] - INFO - Accuracy: 0.6720
2025-09-27 22:53:26,822 - [smote_+_enn.naive_bayes] - INFO - Precision: 0.4759
2025-09-27 22:53:26,823 - [smote_+_enn.naive_bayes] - INFO - Recall: 0.5135
2025-09-27 22:53:26,824 - [smote_+_enn.naive_bayes] - INFO - F1-Score: 0.4580
2025-09-27 22:53:26,860 - [smote_+_enn.naive_bayes] - INFO - Classification Report:
              precision    recall  f1-score   support

         0.0       0.91      0.72      0.81     70854
         1.0       0.05      0.31      0.08      2397
         2.0       0.47      0.50      0.48     16590

    accuracy                           0.67     89841
   macro avg       0.48      0.51      0.46     89841
weighted avg       0.81      0.67      0.73     89841

2025-09-27 22:53:26,894 - [smote_+_enn.naive_bayes] - INFO - Confusion Matrix:
[[51285 10670  8899]
 [  972   753   672]
 [ 3826  4425  8339]]
2025-09-27 22:53:26,947 - [smote_+_enn.naive_bayes] - INFO - Probabilities predicted for 89841 samples
2025-09-27 22:53:27,780 - [smote_+_enn.naive_bayes] - INFO - Cross-validation results:
2025-09-27 22:53:27,780 - [smote_+_enn.naive_bayes] - INFO - Mean accuracy: 0.6975 (+/- 0.0208)
2025-09-27 22:53:27,781 - [smote_+_enn.random_forest] - INFO - Starting Random Forest model training...
2025-09-27 22:54:12,281 - [smote_+_enn.random_forest] - INFO - Model training completed. Training samples: 305489
2025-09-27 22:54:12,281 - [smote_+_enn.random_forest] - INFO - Number of trees: 100
2025-09-27 22:54:13,786 - [smote_+_enn.random_forest] - INFO - Predictions made for 89841 samples
2025-09-27 22:54:13,815 - [smote_+_enn.random_forest] - INFO - Model Evaluation Results:
2025-09-27 22:54:13,815 - [smote_+_enn.random_forest] - INFO - Accuracy: 0.8468
2025-09-27 22:54:13,816 - [smote_+_enn.random_forest] - INFO - Precision: 0.6042
2025-09-27 22:54:13,817 - [smote_+_enn.random_forest] - INFO - Recall: 0.6583
2025-09-27 22:54:13,817 - [smote_+_enn.random_forest] - INFO - F1-Score: 0.6263
2025-09-27 22:54:13,849 - [smote_+_enn.random_forest] - INFO - Classification Report:
              precision    recall  f1-score   support

         0.0       0.94      0.89      0.91     70854
         1.0       0.23      0.33      0.27      2397
         2.0       0.65      0.76      0.70     16590

    accuracy                           0.85     89841
   macro avg       0.60      0.66      0.63     89841
weighted avg       0.86      0.85      0.85     89841

2025-09-27 22:54:13,882 - [smote_+_enn.random_forest] - INFO - Confusion Matrix:
[[62722  2088  6044]
 [  932   797   668]
 [ 3374   654 12562]]
2025-09-27 22:54:15,407 - [smote_+_enn.random_forest] - INFO - Probabilities predicted for 89841 samples
2025-09-27 22:57:03,031 - [smote_+_enn.random_forest] - INFO - Cross-validation results:
2025-09-27 22:57:03,031 - [smote_+_enn.random_forest] - INFO - Mean accuracy: 0.9276 (+/- 0.0516)
2025-09-27 22:57:03,032 - [smote_+_enn.xgboost] - INFO - Starting XGBoost model training...
2025-09-27 22:57:10,239 - [smote_+_enn.xgboost] - INFO - Model training completed. Training samples: 305489
2025-09-27 22:57:10,413 - [smote_+_enn.xgboost] - INFO - Predictions made for 89841 samples
2025-09-27 22:57:10,452 - [smote_+_enn.xgboost] - INFO - Model Evaluation Results:
2025-09-27 22:57:10,453 - [smote_+_enn.xgboost] - INFO - Accuracy: 0.8888
2025-09-27 22:57:10,454 - [smote_+_enn.xgboost] - INFO - Precision: 0.7671
2025-09-27 22:57:10,455 - [smote_+_enn.xgboost] - INFO - Recall: 0.6453
2025-09-27 22:57:10,457 - [smote_+_enn.xgboost] - INFO - F1-Score: 0.6828
2025-09-27 22:57:10,495 - [smote_+_enn.xgboost] - INFO - Classification Report:
              precision    recall  f1-score   support

         0.0       0.92      0.95      0.94     70854
         1.0       0.62      0.27      0.38      2397
         2.0       0.76      0.71      0.73     16590

    accuracy                           0.89     89841
   macro avg       0.77      0.65      0.68     89841
weighted avg       0.88      0.89      0.88     89841

2025-09-27 22:57:10,544 - [smote_+_enn.xgboost] - INFO - Confusion Matrix:
[[67376   229  3249]
 [ 1184   652   561]
 [ 4599   164 11827]]
2025-09-27 22:57:10,681 - [smote_+_enn.xgboost] - INFO - Probabilities predicted for 89841 samples
2025-09-27 22:57:40,286 - [smote_+_enn.xgboost] - INFO - Cross-validation results:
2025-09-27 22:57:40,295 - [smote_+_enn.xgboost] - INFO - Mean accuracy: 0.9259 (+/- 0.0522)
2025-09-27 22:57:40,301 - [smote_+_enn.lightgbm] - INFO - Starting LightGBM model training...
2025-09-27 22:57:46,893 - [smote_+_enn.lightgbm] - INFO - Model training completed. Training samples: 305489
2025-09-27 22:57:47,808 - [smote_+_enn.lightgbm] - INFO - Predictions made for 89841 samples
2025-09-27 22:57:47,846 - [smote_+_enn.lightgbm] - INFO - Model Evaluation Results:
2025-09-27 22:57:47,846 - [smote_+_enn.lightgbm] - INFO - Accuracy: 0.8931
2025-09-27 22:57:47,847 - [smote_+_enn.lightgbm] - INFO - Precision: 0.7997
2025-09-27 22:57:47,848 - [smote_+_enn.lightgbm] - INFO - Recall: 0.6493
2025-09-27 22:57:47,849 - [smote_+_enn.lightgbm] - INFO - F1-Score: 0.6922
2025-09-27 22:57:47,888 - [smote_+_enn.lightgbm] - INFO - Classification Report:
              precision    recall  f1-score   support

         0.0       0.92      0.96      0.94     70854
         1.0       0.71      0.27      0.40      2397
         2.0       0.77      0.72      0.74     16590

    accuracy                           0.89     89841
   macro avg       0.80      0.65      0.69     89841
weighted avg       0.89      0.89      0.89     89841

2025-09-27 22:57:47,929 - [smote_+_enn.lightgbm] - INFO - Confusion Matrix:
[[67670   148  3036]
 [ 1192   659   546]
 [ 4557   123 11910]]
2025-09-27 22:57:48,761 - [smote_+_enn.lightgbm] - INFO - Probabilities predicted for 89841 samples
2025-09-27 22:58:22,399 - [smote_+_enn.lightgbm] - INFO - Cross-validation results:
2025-09-27 22:58:22,401 - [smote_+_enn.lightgbm] - INFO - Mean accuracy: 0.9360 (+/- 0.0581)
2025-09-27 22:58:22,418 - [smote_+_enn.sgd_classifier] - INFO - Predictions made for 89841 samples
2025-09-27 22:58:22,441 - [smote_+_enn.sgd_classifier] - INFO - Probabilities predicted for 89841 samples
2025-09-27 22:58:22,737 - [smote_+_enn.logistic_regression] - INFO - Predictions made for 89841 samples
2025-09-27 22:58:22,766 - [smote_+_enn.logistic_regression] - INFO - Probabilities predicted for 89841 samples
2025-09-27 22:58:23,021 - [smote_+_enn.naive_bayes] - INFO - Predictions made for 89841 samples
2025-09-27 22:58:23,072 - [smote_+_enn.naive_bayes] - INFO - Probabilities predicted for 89841 samples
2025-09-27 22:58:24,779 - [smote_+_enn.random_forest] - INFO - Predictions made for 89841 samples
2025-09-27 22:58:26,243 - [smote_+_enn.random_forest] - INFO - Probabilities predicted for 89841 samples
2025-09-27 22:58:26,461 - [smote_+_enn.xgboost] - INFO - Predictions made for 89841 samples
2025-09-27 22:58:26,582 - [smote_+_enn.xgboost] - INFO - Probabilities predicted for 89841 samples
2025-09-27 22:58:27,610 - [smote_+_enn.lightgbm] - INFO - Predictions made for 89841 samples
2025-09-27 22:58:28,587 - [smote_+_enn.lightgbm] - INFO - Probabilities predicted for 89841 samples
2025-09-27 22:58:30,737 - [adasyn_+_tomek_links.sgd_classifier] - INFO - DiabetesSGDClassifier initialized with parameters:
2025-09-27 22:58:30,738 - [adasyn_+_tomek_links.sgd_classifier] - INFO -   loss: log_loss
2025-09-27 22:58:30,739 - [adasyn_+_tomek_links.sgd_classifier] - INFO -   penalty: l2
2025-09-27 22:58:30,740 - [adasyn_+_tomek_links.sgd_classifier] - INFO -   alpha: 0.0001
2025-09-27 22:58:30,741 - [adasyn_+_tomek_links.sgd_classifier] - INFO -   learning_rate: constant
2025-09-27 22:58:30,742 - [adasyn_+_tomek_links.sgd_classifier] - INFO -   eta0: 0.01
2025-09-27 22:58:30,743 - [adasyn_+_tomek_links.sgd_classifier] - INFO -   max_iter: 1000
2025-09-27 22:58:30,743 - [adasyn_+_tomek_links.sgd_classifier] - INFO -   random_state: 42
2025-09-27 22:58:30,745 - [adasyn_+_tomek_links.logistic_regression] - INFO - DiabetesLogisticRegression initialized with parameters:
2025-09-27 22:58:30,746 - [adasyn_+_tomek_links.logistic_regression] - INFO -   C: 1.0
2025-09-27 22:58:30,747 - [adasyn_+_tomek_links.logistic_regression] - INFO -   penalty: l2
2025-09-27 22:58:30,747 - [adasyn_+_tomek_links.logistic_regression] - INFO -   class_weight: None
2025-09-27 22:58:30,748 - [adasyn_+_tomek_links.logistic_regression] - INFO -   solver: saga
2025-09-27 22:58:30,749 - [adasyn_+_tomek_links.logistic_regression] - INFO -   max_iter: 10000
2025-09-27 22:58:30,750 - [adasyn_+_tomek_links.logistic_regression] - INFO -   random_state: 42
2025-09-27 22:58:30,752 - [adasyn_+_tomek_links.naive_bayes] - INFO - DiabetesNaiveBayes (Gaussian) initialized with parameters:
2025-09-27 22:58:30,753 - [adasyn_+_tomek_links.naive_bayes] - INFO -   nb_type: gaussian
2025-09-27 22:58:30,754 - [adasyn_+_tomek_links.naive_bayes] - INFO -   var_smoothing: 1e-09
2025-09-27 22:58:30,756 - [adasyn_+_tomek_links.random_forest] - INFO - DiabetesRandomForest initialized with parameters:
2025-09-27 22:58:30,757 - [adasyn_+_tomek_links.random_forest] - INFO -   n_estimators: 100
2025-09-27 22:58:30,758 - [adasyn_+_tomek_links.random_forest] - INFO -   max_depth: 25
2025-09-27 22:58:30,759 - [adasyn_+_tomek_links.random_forest] - INFO -   min_samples_split: 5
2025-09-27 22:58:30,763 - [adasyn_+_tomek_links.random_forest] - INFO -   min_samples_leaf: 5
2025-09-27 22:58:30,765 - [adasyn_+_tomek_links.random_forest] - INFO -   max_features: sqrt
2025-09-27 22:58:30,766 - [adasyn_+_tomek_links.random_forest] - INFO -   class_weight: balanced
2025-09-27 22:58:30,769 - [adasyn_+_tomek_links.random_forest] - INFO -   random_state: 42
2025-09-27 22:58:30,772 - [adasyn_+_tomek_links.xgboost] - INFO - DiabetesXGBoostClassifier initialized with parameters:
2025-09-27 22:58:30,775 - [adasyn_+_tomek_links.xgboost] - INFO -  n_estimators: 100
2025-09-27 22:58:30,776 - [adasyn_+_tomek_links.xgboost] - INFO -  max_depth: 6
2025-09-27 22:58:30,781 - [adasyn_+_tomek_links.xgboost] - INFO -  learning_rate: 0.1
2025-09-27 22:58:30,782 - [adasyn_+_tomek_links.xgboost] - INFO -  subsample: 1.0
2025-09-27 22:58:30,789 - [adasyn_+_tomek_links.xgboost] - INFO -  colsample_bytree: 1.0
2025-09-27 22:58:30,790 - [adasyn_+_tomek_links.xgboost] - INFO -  random_state: 42
2025-09-27 22:58:30,792 - [adasyn_+_tomek_links.lightgbm] - INFO - DiabetesLightGBMClassifier initialized with parameters:
2025-09-27 22:58:30,796 - [adasyn_+_tomek_links.lightgbm] - INFO -  n_estimators: 100
2025-09-27 22:58:30,798 - [adasyn_+_tomek_links.lightgbm] - INFO -  max_depth: -1
2025-09-27 22:58:30,798 - [adasyn_+_tomek_links.lightgbm] - INFO -  learning_rate: 0.1
2025-09-27 22:58:30,799 - [adasyn_+_tomek_links.lightgbm] - INFO -  num_leaves: 31
2025-09-27 22:58:30,800 - [adasyn_+_tomek_links.lightgbm] - INFO -  subsample: 1.0
2025-09-27 22:58:30,800 - [adasyn_+_tomek_links.lightgbm] - INFO -  colsample_bytree: 1.0
2025-09-27 22:58:30,808 - [adasyn_+_tomek_links.lightgbm] - INFO -  random_state: 42
2025-09-27 22:58:30,809 - [adasyn_+_tomek_links.sgd_classifier] - INFO - Starting SGD Classifier model training...
2025-09-27 22:58:32,473 - [adasyn_+_tomek_links.sgd_classifier] - INFO - Model training completed. Training samples: 425160
2025-09-27 22:58:32,474 - [adasyn_+_tomek_links.sgd_classifier] - INFO - Number of iterations: 7
2025-09-27 22:58:32,488 - [adasyn_+_tomek_links.sgd_classifier] - INFO - Predictions made for 89841 samples
2025-09-27 22:58:32,594 - [adasyn_+_tomek_links.sgd_classifier] - INFO - Model Evaluation Results:
2025-09-27 22:58:32,599 - [adasyn_+_tomek_links.sgd_classifier] - INFO - Accuracy: 0.8005
2025-09-27 22:58:32,600 - [adasyn_+_tomek_links.sgd_classifier] - INFO - Precision: 0.5427
2025-09-27 22:58:32,601 - [adasyn_+_tomek_links.sgd_classifier] - INFO - Recall: 0.4894
2025-09-27 22:58:32,602 - [adasyn_+_tomek_links.sgd_classifier] - INFO - F1-Score: 0.4762
2025-09-27 22:58:32,693 - [adasyn_+_tomek_links.sgd_classifier] - INFO - Classification Report:
              precision    recall  f1-score   support

         0.0       0.88      0.88      0.88     70854
         1.0       0.24      0.00      0.01      2397
         2.0       0.51      0.59      0.54     16590

    accuracy                           0.80     89841
   macro avg       0.54      0.49      0.48     89841
weighted avg       0.80      0.80      0.79     89841

2025-09-27 22:58:32,735 - [adasyn_+_tomek_links.sgd_classifier] - INFO - Confusion Matrix:
[[62153     9  8692]
 [ 1519     7   871]
 [ 6820    13  9757]]
2025-09-27 22:58:32,754 - [adasyn_+_tomek_links.sgd_classifier] - INFO - Probabilities predicted for 89841 samples
2025-09-27 22:58:39,949 - [adasyn_+_tomek_links.sgd_classifier] - INFO - Cross-validation results:
2025-09-27 22:58:39,950 - [adasyn_+_tomek_links.sgd_classifier] - INFO - Mean accuracy: 0.7048 (+/- 0.0449)
2025-09-27 22:58:39,952 - [adasyn_+_tomek_links.logistic_regression] - INFO - Starting Logistic Regression model training...
2025-09-27 22:59:51,685 - [adasyn_+_tomek_links.logistic_regression] - INFO - Model training completed. Training samples: 425160
2025-09-27 22:59:51,694 - [adasyn_+_tomek_links.logistic_regression] - INFO - Predictions made for 89841 samples
2025-09-27 22:59:51,726 - [adasyn_+_tomek_links.logistic_regression] - INFO - Model Evaluation Results:
2025-09-27 22:59:51,727 - [adasyn_+_tomek_links.logistic_regression] - INFO - Accuracy: 0.8177
2025-09-27 22:59:51,728 - [adasyn_+_tomek_links.logistic_regression] - INFO - Precision: 0.5728
2025-09-27 22:59:51,729 - [adasyn_+_tomek_links.logistic_regression] - INFO - Recall: 0.4766
2025-09-27 22:59:51,730 - [adasyn_+_tomek_links.logistic_regression] - INFO - F1-Score: 0.4795
2025-09-27 22:59:51,764 - [adasyn_+_tomek_links.logistic_regression] - INFO - Classification Report:
              precision    recall  f1-score   support

         0.0       0.87      0.92      0.89     70854
         1.0       0.29      0.01      0.01      2397
         2.0       0.56      0.50      0.53     16590

    accuracy                           0.82     89841
   macro avg       0.57      0.48      0.48     89841
weighted avg       0.80      0.82      0.80     89841

2025-09-27 22:59:51,832 - [adasyn_+_tomek_links.logistic_regression] - INFO - Confusion Matrix:
[[65080     6  5768]
 [ 1688    16   693]
 [ 8185    34  8371]]
2025-09-27 22:59:51,853 - [adasyn_+_tomek_links.logistic_regression] - INFO - Probabilities predicted for 89841 samples
2025-09-27 23:04:46,387 - [adasyn_+_tomek_links.logistic_regression] - INFO - Cross-validation results:
2025-09-27 23:04:46,388 - [adasyn_+_tomek_links.logistic_regression] - INFO - Mean accuracy: 0.7048 (+/- 0.0453)
2025-09-27 23:04:46,392 - [adasyn_+_tomek_links.naive_bayes] - INFO - Starting Gaussian Naive Bayes model training...
2025-09-27 23:04:46,617 - [adasyn_+_tomek_links.naive_bayes] - INFO - Model training completed. Training samples: 425160
2025-09-27 23:04:46,618 - [adasyn_+_tomek_links.naive_bayes] - INFO - Number of classes: 3
2025-09-27 23:04:46,619 - [adasyn_+_tomek_links.naive_bayes] - INFO - Classes: [0. 1. 2.]
2025-09-27 23:04:46,669 - [adasyn_+_tomek_links.naive_bayes] - INFO - Predictions made for 89841 samples
2025-09-27 23:04:46,704 - [adasyn_+_tomek_links.naive_bayes] - INFO - Model Evaluation Results:
2025-09-27 23:04:46,705 - [adasyn_+_tomek_links.naive_bayes] - INFO - Accuracy: 0.6799
2025-09-27 23:04:46,706 - [adasyn_+_tomek_links.naive_bayes] - INFO - Precision: 0.4669
2025-09-27 23:04:46,706 - [adasyn_+_tomek_links.naive_bayes] - INFO - Recall: 0.5136
2025-09-27 23:04:46,707 - [adasyn_+_tomek_links.naive_bayes] - INFO - F1-Score: 0.4605
2025-09-27 23:04:46,750 - [adasyn_+_tomek_links.naive_bayes] - INFO - Classification Report:
              precision    recall  f1-score   support

         0.0       0.92      0.72      0.81     70854
         1.0       0.05      0.25      0.08      2397
         2.0       0.43      0.58      0.50     16590

    accuracy                           0.68     89841
   macro avg       0.47      0.51      0.46     89841
weighted avg       0.81      0.68      0.73     89841

2025-09-27 23:04:46,795 - [adasyn_+_tomek_links.naive_bayes] - INFO - Confusion Matrix:
[[50948  8349 11557]
 [  957   591   849]
 [ 3569  3481  9540]]
2025-09-27 23:04:46,854 - [adasyn_+_tomek_links.naive_bayes] - INFO - Probabilities predicted for 89841 samples
2025-09-27 23:04:48,301 - [adasyn_+_tomek_links.naive_bayes] - INFO - Cross-validation results:
2025-09-27 23:04:48,302 - [adasyn_+_tomek_links.naive_bayes] - INFO - Mean accuracy: 0.6199 (+/- 0.0478)
2025-09-27 23:04:48,303 - [adasyn_+_tomek_links.random_forest] - INFO - Starting Random Forest model training...
2025-09-27 23:05:50,414 - [adasyn_+_tomek_links.random_forest] - INFO - Model training completed. Training samples: 425160
2025-09-27 23:05:50,414 - [adasyn_+_tomek_links.random_forest] - INFO - Number of trees: 100
2025-09-27 23:05:52,119 - [adasyn_+_tomek_links.random_forest] - INFO - Predictions made for 89841 samples
2025-09-27 23:05:52,149 - [adasyn_+_tomek_links.random_forest] - INFO - Model Evaluation Results:
2025-09-27 23:05:52,150 - [adasyn_+_tomek_links.random_forest] - INFO - Accuracy: 0.8516
2025-09-27 23:05:52,150 - [adasyn_+_tomek_links.random_forest] - INFO - Precision: 0.7076
2025-09-27 23:05:52,151 - [adasyn_+_tomek_links.random_forest] - INFO - Recall: 0.6567
2025-09-27 23:05:52,152 - [adasyn_+_tomek_links.random_forest] - INFO - F1-Score: 0.6536
2025-09-27 23:05:52,188 - [adasyn_+_tomek_links.random_forest] - INFO - Classification Report:
              precision    recall  f1-score   support

         0.0       0.95      0.87      0.91     70854
         1.0       0.58      0.25      0.35      2397
         2.0       0.60      0.84      0.70     16590

    accuracy                           0.85     89841
   macro avg       0.71      0.66      0.65     89841
weighted avg       0.87      0.85      0.86     89841

2025-09-27 23:05:52,219 - [adasyn_+_tomek_links.random_forest] - INFO - Confusion Matrix:
[[61935   362  8557]
 [  913   609   875]
 [ 2543    81 13966]]
2025-09-27 23:05:53,980 - [adasyn_+_tomek_links.random_forest] - INFO - Probabilities predicted for 89841 samples
2025-09-27 23:10:15,158 - [adasyn_+_tomek_links.random_forest] - INFO - Cross-validation results:
2025-09-27 23:10:15,158 - [adasyn_+_tomek_links.random_forest] - INFO - Mean accuracy: 0.8299 (+/- 0.0686)
2025-09-27 23:10:15,159 - [adasyn_+_tomek_links.xgboost] - INFO - Starting XGBoost model training...
2025-09-27 23:10:24,755 - [adasyn_+_tomek_links.xgboost] - INFO - Model training completed. Training samples: 425160
2025-09-27 23:10:24,944 - [adasyn_+_tomek_links.xgboost] - INFO - Predictions made for 89841 samples
2025-09-27 23:10:24,988 - [adasyn_+_tomek_links.xgboost] - INFO - Model Evaluation Results:
2025-09-27 23:10:24,989 - [adasyn_+_tomek_links.xgboost] - INFO - Accuracy: 0.8988
2025-09-27 23:10:24,990 - [adasyn_+_tomek_links.xgboost] - INFO - Precision: 0.8931
2025-09-27 23:10:24,992 - [adasyn_+_tomek_links.xgboost] - INFO - Recall: 0.6278
2025-09-27 23:10:24,993 - [adasyn_+_tomek_links.xgboost] - INFO - F1-Score: 0.6879
2025-09-27 23:10:25,031 - [adasyn_+_tomek_links.xgboost] - INFO - Classification Report:
              precision    recall  f1-score   support

         0.0       0.91      0.97      0.94     70854
         1.0       0.94      0.24      0.38      2397
         2.0       0.83      0.67      0.74     16590

    accuracy                           0.90     89841
   macro avg       0.89      0.63      0.69     89841
weighted avg       0.90      0.90      0.89     89841

2025-09-27 23:10:25,082 - [adasyn_+_tomek_links.xgboost] - INFO - Confusion Matrix:
[[69070     0  1784]
 [ 1321   573   503]
 [ 5444    37 11109]]
2025-09-27 23:10:25,260 - [adasyn_+_tomek_links.xgboost] - INFO - Probabilities predicted for 89841 samples
2025-09-27 23:11:10,939 - [adasyn_+_tomek_links.xgboost] - INFO - Cross-validation results:
2025-09-27 23:11:10,941 - [adasyn_+_tomek_links.xgboost] - INFO - Mean accuracy: 0.8536 (+/- 0.0440)
2025-09-27 23:11:10,941 - [adasyn_+_tomek_links.lightgbm] - INFO - Starting LightGBM model training...
2025-09-27 23:11:20,237 - [adasyn_+_tomek_links.lightgbm] - INFO - Model training completed. Training samples: 425160
2025-09-27 23:11:21,170 - [adasyn_+_tomek_links.lightgbm] - INFO - Predictions made for 89841 samples
2025-09-27 23:11:21,209 - [adasyn_+_tomek_links.lightgbm] - INFO - Model Evaluation Results:
2025-09-27 23:11:21,210 - [adasyn_+_tomek_links.lightgbm] - INFO - Accuracy: 0.9011
2025-09-27 23:11:21,211 - [adasyn_+_tomek_links.lightgbm] - INFO - Precision: 0.9167
2025-09-27 23:11:21,212 - [adasyn_+_tomek_links.lightgbm] - INFO - Recall: 0.6247
2025-09-27 23:11:21,213 - [adasyn_+_tomek_links.lightgbm] - INFO - F1-Score: 0.6902
2025-09-27 23:11:21,260 - [adasyn_+_tomek_links.lightgbm] - INFO - Classification Report:
              precision    recall  f1-score   support

         0.0       0.91      0.98      0.94     70854
         1.0       0.98      0.24      0.39      2397
         2.0       0.86      0.65      0.74     16590

    accuracy                           0.90     89841
   macro avg       0.92      0.62      0.69     89841
weighted avg       0.90      0.90      0.89     89841

2025-09-27 23:11:21,307 - [adasyn_+_tomek_links.lightgbm] - INFO - Confusion Matrix:
[[69557     0  1297]
 [ 1359   575   463]
 [ 5756    10 10824]]
2025-09-27 23:11:22,200 - [adasyn_+_tomek_links.lightgbm] - INFO - Probabilities predicted for 89841 samples
2025-09-27 23:12:05,389 - [adasyn_+_tomek_links.lightgbm] - INFO - Cross-validation results:
2025-09-27 23:12:05,390 - [adasyn_+_tomek_links.lightgbm] - INFO - Mean accuracy: 0.8698 (+/- 0.0478)
2025-09-27 23:12:05,406 - [adasyn_+_tomek_links.sgd_classifier] - INFO - Predictions made for 89841 samples
2025-09-27 23:12:05,437 - [adasyn_+_tomek_links.sgd_classifier] - INFO - Probabilities predicted for 89841 samples
2025-09-27 23:12:05,647 - [adasyn_+_tomek_links.logistic_regression] - INFO - Predictions made for 89841 samples
2025-09-27 23:12:05,681 - [adasyn_+_tomek_links.logistic_regression] - INFO - Probabilities predicted for 89841 samples
2025-09-27 23:12:05,957 - [adasyn_+_tomek_links.naive_bayes] - INFO - Predictions made for 89841 samples
2025-09-27 23:12:06,011 - [adasyn_+_tomek_links.naive_bayes] - INFO - Probabilities predicted for 89841 samples
2025-09-27 23:12:07,900 - [adasyn_+_tomek_links.random_forest] - INFO - Predictions made for 89841 samples
2025-09-27 23:12:09,559 - [adasyn_+_tomek_links.random_forest] - INFO - Probabilities predicted for 89841 samples
2025-09-27 23:12:09,783 - [adasyn_+_tomek_links.xgboost] - INFO - Predictions made for 89841 samples
2025-09-27 23:12:09,918 - [adasyn_+_tomek_links.xgboost] - INFO - Probabilities predicted for 89841 samples
2025-09-27 23:12:10,885 - [adasyn_+_tomek_links.lightgbm] - INFO - Predictions made for 89841 samples
2025-09-27 23:12:11,751 - [adasyn_+_tomek_links.lightgbm] - INFO - Probabilities predicted for 89841 samples
2025-09-27 23:12:16,614 - [tomek_links.lightgbm] - INFO - Model saved successfully to: .../artifacts/models/best_accuracy_model.pkl
2025-09-27 23:12:16,634 - [random_oversampling.xgboost] - INFO - Model saved successfully to: .../artifacts/models/best_f1_model.pkl
2025-09-27 23:12:16,776 - [random_undersampling.random_forest] - INFO - Model saved successfully to: .../artifacts/models/best_recall_model.pkl
2025-09-27 23:12:16,799 - [tomek_links.xgboost] - INFO - Model saved successfully to: .../artifacts/models/best_precision_model.pkl
